Property_ID,Listing_Title,Property_Type,Listing_Type,Created_F,Created,Scraped_F,Scraped,Latitude,Longitude,Airbnb_PID,Airbnb_HID
ab-125636,Double Trouble room: 2 comfy double beds,Bed and breakfast,Private room,5/23/11,2011-05-23,12-1-18,2018-12-01,49.15402045,-125.9108112,125636,624364
ab-7482398,Forest Den at the Beach,Cabin,Entire home/apt,7/19/15,2015-07-19,2-23-17,2017-02-23,49.11626654,-125.8926501,7482398,9729555
ab-7483675,Solwood&#x27;s Ocean Path Beach House,House,Entire home/apt,7/20/15,2015-07-20,10-25-16,2016-10-25,49.11746556,-125.8927045,7483675,9729555
ab-18598927,"The Loon Room, Waterfront Guest House",Guest suite,Private room,5/5/17,2017-05-05,9-30-18,2018-09-30,49.1480788,-125.9145462,18598927,19074636
ab-7495694,"Tofino Luxury
371 Tonquin Park Road",House,Entire home/apt,7/20/15,2015-07-20,5-23-19,2019-05-23,49.14669,-125.89645,7495694,3475741
ab-19753546,Central Tofino 2 Bedroom Suite,Guest suite,Entire home/apt,7/6/17,2017-07-06,5-22-19,2019-05-22,49.15005,-125.90161,19753546,19877069
ab-10000439,Dancing Cedars Private,House,Entire home/apt,12/14/15,2015-12-14,4-29-19,2019-04-29,49.14913171,-125.8939198,10000439,51374293
ab-10001288,Dancing Cedars Private Room 1,House,Private room,12/14/15,2015-12-14,5-21-19,2019-05-21,49.14859,-125.89489,10001288,51374293
ab-209494,Modern Harbour View Home,House,Entire home/apt,8/27/11,2011-08-27,5-22-19,2019-05-22,49.14923,-125.89461,209494,1032468
ab-10086245,Dancing Cedars Private Room 2,House,Private room,12/19/15,2015-12-19,5-24-19,2019-05-24,49.14945,-125.89535,10086245,51374293
ab-10086394,Dancing Cedars Private Room 3,House,Private room,12/19/15,2015-12-19,5-23-19,2019-05-23,49.14954,-125.8935,10086394,51374293
ab-10102912,Private B,Entire house,Entire home/apt,12/20/15,2015-12-20,1-1-18,2018-01-01,49.15002162,-125.8946254,10102912,51374293
ab-15418928,Cable Cove Inn,Bed & Breakfast,Private room,10/7/16,2016-10-07,12-5-16,2016-12-05,49.15357525,-125.9100357,15418928,82713713
ab-7518980,Chesterman Beach Guest House,House,Entire home/apt,7/21/15,2015-07-21,10-29-18,2018-10-29,49.12305872,-125.8935965,7518980,7434361
ab-7518982,Chesterman Beach Guest House #2,Apartment,Entire home/apt,7/21/15,2015-07-21,12-17-16,2016-12-17,49.12143983,-125.8928765,7518982,7434361
ab-3890303,Cedar Surf - Rainforest Paradise,House,Entire home/apt,12/5/16,2016-12-05,5-24-19,2019-05-24,49.13447,-125.89248,3890303,9425739
ab-1919844,Bright & modern private room- Queen,Bed & Breakfast,Private room,11/10/13,2013-11-10,12-19-16,2016-12-19,49.14916439,-125.9003439,1919844,9952487
ab-10254784,Maris - New Tofino Waterfront Suite,Apartment,Entire home/apt,12/29/15,2015-12-29,3-25-19,2019-03-25,49.15418,-125.90638,10254784,2118559
ab-1920505,Spacious room with king bed & view,Guesthouse,Private room,11/10/13,2013-11-10,12-19-16,2016-12-19,49.14827979,-125.9006208,1920505,9952487
ab-1948238,Ocean Front Condo Downtown Tofino,Condominium,Entire home/apt,11/16/13,2013-11-16,5-22-19,2019-05-22,49.15384,-125.90906,1948238,8813504
ab-1949715,1 BedR Loft Style Ocean Front Apt,Loft,Entire home/apt,11/16/13,2013-11-16,5-23-19,2019-05-23,49.15303,-125.90937,1949715,8813504
ab-12684745,Pacific Paradise - Silver Streak,Camper/RV,Entire home/apt,4/25/16,2016-04-25,1-19-19,2019-01-19,49.11122566,-125.8775119,12684745,32545687
ab-3912404,Green Cedar Retreat: Queen Suite+Hot Tub,House,Private room,8/18/14,2014-08-18,5-22-19,2019-05-22,49.13173,-125.89495,3912404,16832599
ab-3923932,Summerhill Guest House Sunset Suite,Apartment,Entire home/apt,8/20/14,2014-08-20,5-24-19,2019-05-24,49.13063,-125.8921,3923932,18066903
ab-17857379,CB Suite Tofino,House,Entire home/apt,3/21/17,2017-03-21,10-21-17,2017-10-21,49.12320837,-125.8902786,17857379,30504477
ab-3930424,Cozy cabin for two in Tofino,Cabin,Entire home/apt,8/20/14,2014-08-20,11-28-17,2017-11-28,49.13439329,-125.891893,3930424,8095758
ab-2028450,Beautiful 4Pr Ocean Front Condo ,Apartment,Entire home/apt,12/3/13,2013-12-03,5-23-19,2019-05-23,49.15446,-125.90888,2028450,8813504
ab-11459834,Tranquil Accommodations Tofino,House,Entire home/apt,2/22/16,2016-02-22,5-24-19,2019-05-24,49.11237,-125.87436,11459834,29537227
ab-7557771,Sand Dollar - Recreation Room,Guest suite,Entire home/apt,9/6/17,2017-09-06,5-23-19,2019-05-23,49.14818,-125.89807,7557771,31104397
ab-321646,Comfortable single bed in Tofino,Dorm,Shared room,1/23/12,2012-01-23,12-17-16,2016-12-17,49.15139972,-125.9091526,321646,624364
ab-10733765,Harbour Hideaway oceanfront condo,Loft,Entire home/apt,1/19/16,2016-01-19,5-22-19,2019-05-22,49.15273,-125.91043,10733765,6359446
ab-15468476,The Blue house in downtown Tofino!,Townhouse,Entire home/apt,5/24/17,2017-05-24,5-23-19,2019-05-23,49.14485,-125.89174,15468476,99266735
ab-6603865,Tofino luxury waterfront loft condo,Loft,Entire home/apt,5/28/15,2015-05-28,5-24-19,2019-05-24,49.15291,-125.90458,6603865,34553292
ab-12735723,Central Private Funky Studio Suite,Guest suite,Entire home/apt,4/27/16,2016-04-27,5-21-19,2019-05-21,49.15438,-125.90549,12735723,42213514
ab-12736819,Breakfast and One Double Bed or Two Singles - Rm 3,Bed and breakfast,Private room,4/27/16,2016-04-27,5-24-19,2019-05-24,49.15209,-125.91012,12736819,47660498
ab-11482456,Raven's Retreat,Apartment,Entire home/apt,2/23/16,2016-02-23,5-22-19,2019-05-22,49.15186,-125.90023,11482456,7434361
ab-10814335,Tofino Harbour House,Townhouse,Entire home/apt,1/23/16,2016-01-23,5-24-19,2019-05-24,49.15403,-125.90318,10814335,55993789
ab-10814581,High Tide- Private Waterfront Suite,Condominium,Entire home/apt,1/23/16,2016-01-23,5-23-19,2019-05-23,49.15163,-125.89724,10814581,4781608
ab-17880187,Supreme Eik Landing Waterfront View 2 BR Apartment,Apartment,Entire home/apt,3/22/17,2017-03-22,5-25-19,2019-05-25,49.15079,-125.89867,17880187,122430624
ab-2105855,TopFloor Condo w/ Ocean Front Views,Apartment,Entire home/apt,12/22/13,2013-12-22,5-25-19,2019-05-25,49.15451,-125.90991,2105855,8813504
ab-3979536,Kitchen Garden Suite,Apartment,Entire home/apt,8/27/14,2014-08-27,5-23-19,2019-05-23,49.13244,-125.89219,3979536,18066903
ab-14806800,"Barnacle Room, Waterfront guest house",Bed and breakfast,Private room,5/12/17,2017-05-12,10-2-18,2018-10-02,49.14931545,-125.9140729,14806800,19074636
ab-378992,Modern Studio Suite in the Trees,Loft,Entire home/apt,3/10/12,2012-03-10,12-29-16,2016-12-29,49.11356725,-125.8739262,378992,1903224
ab-3992688,Cozy Family Room - Right In Down Town Tofino !,Bed and breakfast,Private room,8/29/14,2014-08-29,5-21-19,2019-05-21,49.15401,-125.9062,3992688,9487541
ab-10940498,Hilltop Haven,Guest suite,Entire home/apt,1/29/16,2016-01-29,5-23-19,2019-05-23,49.14782,-125.9015,10940498,56727561
ab-11514950,Suite Sanctuary,Apartment,Entire home/apt,2/24/16,2016-02-24,1-16-17,2017-01-16,49.13032175,-125.8912745,11514950,7434361
ab-14809475,"Dungeness Room, Waterfront guesthouse",Guest suite,Private room,5/8/17,2017-05-08,9-29-18,2018-09-29,49.14964675,-125.9140508,14809475,19074636
ab-11011277,Waterfront Studio Apartment,Loft,Entire home/apt,2/1/16,2016-02-01,5-22-19,2019-05-22,49.15411,-125.91009,11011277,1903224
ab-11021233,Tessa's Tofino Gateway ,Cabin,Entire home/apt,6/5/17,2017-06-05,6-15-17,2017-06-15,49.26327505,-124.8077699,11021233,57188329
ab-11022352,Emerald Forest Private Room,Bed and breakfast,Private room,2/1/16,2016-02-01,5-24-19,2019-05-24,49.11741,-125.88381,11022352,15870820
ab-11023616,Chahayis on Chesterman Beach Tofino,House,Entire home/apt,3/16/17,2017-03-16,4-10-18,2018-04-10,49.1104316,-125.8851039,11023616,57205422
ab-7584121,Clean New Ucluelet Home By Tofino!,House,Entire home/apt,7/25/15,2015-07-25,5-5-16,2016-05-05,48.93746824,-125.5478331,7584121,39772746
ab-3993616,Comfortable Bed In Shared Room-Right In Down Town,House,Shared room,8/29/14,2014-08-29,5-24-19,2019-05-24,49.15466,-125.90509,3993616,9487541
ab-11063988,The Anchor at South Chesterman Beach,House,Entire home/apt,2/3/16,2016-02-03,5-23-19,2019-05-23,49.11372,-125.88357,11063988,57400115
ab-11066316,The Crow's Nest Suite,Guest suite,Entire home/apt,2/3/16,2016-02-03,5-21-19,2019-05-21,49.1129,-125.88338,11066316,57400115
ab-11067679,Cozy family-friendly 500 sqft. ap.,Apartment,Entire home/apt,2/3/16,2016-02-03,5-21-19,2019-05-21,49.14221,-125.89029,11067679,38975430
ab-19829742,Shoreline Suite,Apartment,Entire home/apt,7/10/17,2017-07-10,11-1-17,2017-11-01,49.15292093,-125.9097374,19829742,15084587
ab-11102477,Stunning inlet views 30 day min,Entire apartment,Entire home/apt,2/5/16,2016-02-05,1-15-18,2018-01-15,49.15358474,-125.9069484,11102477,415787
ab-19831025,3 Bedroom House at Chesterman Beach,Entire house,Entire home/apt,7/10/17,2017-07-10,2-23-18,2018-02-23,49.12175766,-125.8940635,19831025,33316154
ab-424986,Stormfront Guest House Tofino,House,Entire home/apt,4/9/12,2012-04-09,5-21-19,2019-05-21,49.15036,-125.89777,424986,2113192
ab-426157,Clayoquot Cedars Cox Bay Tofino,House,Entire home/apt,4/10/12,2012-04-10,5-23-19,2019-05-23,49.11093,-125.87652,426157,2118559
ab-433523,For King & Queens: Queen bed and our largest room,Bed and breakfast,Private room,4/15/12,2012-04-15,12-1-18,2018-12-01,49.15434858,-125.9090724,433523,624364
ab-11181985,Artist's Nook,House,Entire home/apt,2/9/16,2016-02-09,5-22-19,2019-05-22,49.14924,-125.90654,11181985,34863250
ab-11571275,Storm Watch Suite #2 Oceanfront Accommodation,Bed and breakfast,Private room,2/27/16,2016-02-27,5-23-19,2019-05-23,49.14994,-125.91193,11571275,58473347
ab-11571317,Rainforest Apartment Suite,Apartment,Entire home/apt,2/27/16,2016-02-27,8-4-18,2018-08-04,49.10684424,-125.8672436,11571317,61142009
ab-11571345,Storm Watch Suite #3 Oceanfront Accommodation,Bed and breakfast,Private room,2/27/16,2016-02-27,5-22-19,2019-05-22,49.14827,-125.91305,11571345,58473347
ab-17908671,Tofino Dream Cottage,House,Entire home/apt,12/31/18,2018-12-31,5-24-19,2019-05-24,49.12243,-125.89143,17908671,10799344
ab-2241953,Tofino Tree House,House,Entire home/apt,1/17/14,2014-01-17,5-21-19,2019-05-21,49.11125,-125.87742,2241953,9773257
ab-11572367,Rainforest Suite,House,Private room,2/27/16,2016-02-27,8-4-18,2018-08-04,49.10459404,-125.8667679,11572367,61142009
ab-11224515,River Otter suite,Guest suite,Entire home/apt,2/11/16,2016-02-11,5-24-19,2019-05-24,49.13598,-125.88693,11224515,58490574
ab-11225149,Storm Watch Suite #1 Oceanfront Accommodation,Bed and breakfast,Private room,2/11/16,2016-02-11,5-21-19,2019-05-21,49.15016,-125.91287,11225149,58473347
ab-11279080,Chesterman Beach Suite (Loft),Guest suite,Entire home/apt,6/24/17,2017-06-24,5-24-19,2019-05-24,49.12081,-125.89438,11279080,58902662
ab-2256884,West Coast Family Home,House,Entire home/apt,1/20/14,2014-01-20,5-21-19,2019-05-21,49.14153,-125.89178,2256884,4282834
ab-11574454,Rainforest Suite 2,Private room in house,Private room,2/27/16,2016-02-27,2-16-18,2018-02-16,49.10531929,-125.8670982,11574454,61142009
ab-18687647,Browning Pass Place,Cabin,Entire home/apt,5/10/17,2017-05-10,5-24-19,2019-05-24,49.14195,-125.88907,18687647,129903057
ab-5532363,The Shoreline Tofino // Oceanfront A-FRAME Home,Room in boutique hotel,Private room,3/3/15,2015-03-03,5-20-19,2019-05-20,49.14906,-125.89475,5532363,28686545
ab-17041178,The Hygge House - Newly Renovated Cozy Cottage,Cottage,Entire home/apt,1/30/17,2017-01-30,5-22-19,2019-05-22,49.15071,-125.89833,17041178,14296162
ab-6685933,Private Room# 6 - (Two Double Beds),Dorm,Private room,6/3/15,2015-06-03,9-27-17,2017-09-27,49.15327807,-125.9067492,6685933,34994271
ab-7638322,Clean New Ucluelet Mini Suite By Tofino!,House,Private room,7/27/15,2015-07-27,6-29-16,2016-06-29,48.9356859,-125.5464276,7638322,39772746
ab-17943680,Caught in the Middle,Bed and breakfast,Private room,3/26/17,2017-03-26,12-3-18,2018-12-03,49.15245076,-125.9104271,17943680,624364
ab-2374149,Salal Chesterman Beach Tofino,House,Entire home/apt,2/10/14,2014-02-10,5-24-19,2019-05-24,49.11407,-125.88621,2374149,12129242
ab-17955498,The Mermaid Tavern,House,Entire home/apt,3/27/17,2017-03-27,5-23-19,2019-05-23,49.10761,-125.8704,17955498,49728278
ab-4091227,Eik Landing 2BR Apartment WaterView,Apartment,Entire home/apt,9/6/14,2014-09-06,5-21-19,2019-05-21,49.15086,-125.89727,4091227,8813504
ab-15534487,"Nootka House at Chesterman Beach, Sauna, Hot Tub",House,Entire home/apt,10/14/16,2016-10-14,5-22-19,2019-05-22,49.12025,-125.89257,15534487,99924522
ab-544109,Black Bear Suite,Guest suite,Entire home/apt,6/17/12,2012-06-17,5-24-19,2019-05-24,49.11567,-125.87863,544109,2146505
ab-2403027,Yacht House,House,Entire home/apt,2/5/18,2018-02-05,5-24-19,2019-05-24,49.12202,-125.89433,2403027,9107401
ab-13496919,Pacific Zen,Condominium,Entire home/apt,6/12/16,2016-06-12,4-16-19,2019-04-16,49.15494,-125.90456,13496919,7434361
ab-5592380,Emerald Forest,Bed and breakfast,Private room,3/8/15,2015-03-08,5-24-19,2019-05-24,49.11611,-125.88504,5592380,15870820
ab-19887768,Basic Rooms Downtown Tofino,Apartment,Private room,7/13/17,2017-07-13,7-19-17,2017-07-19,49.15242008,-125.9073132,19887768,140772253
ab-5607916,Rockfish Guest Suite,House,Entire home/apt,3/9/15,2015-03-09,5-21-19,2019-05-21,49.14154,-125.8926,5607916,7043743
ab-14860036,The Tideline,Loft,Entire home/apt,9/1/16,2016-09-01,5-23-19,2019-05-23,49.1525,-125.91019,14860036,7434361
ab-19891893,Cloudbreaker House,House,Entire home/apt,7/13/17,2017-07-13,5-23-19,2019-05-23,49.14676,-125.90849,19891893,7043743
ab-17980877,Garden Cottage,Cabin,Entire home/apt,3/29/17,2017-03-29,5-23-19,2019-05-23,49.13536,-125.88992,17980877,58490574
ab-5643373,Private Cedar Cottage with Hot Tub,Cabin,Entire home/apt,3/13/15,2015-03-13,5-21-19,2019-05-21,49.15181,-125.90405,5643373,8813504
ab-11659642,Surf Sanctuary,Cabin,Entire home/apt,3/2/16,2016-03-02,5-23-19,2019-05-23,49.11483,-125.87744,11659642,61882936
ab-19911370,Tofino Greenhouse,Entire vacation home,Entire home/apt,7/15/17,2017-07-15,12-29-17,2017-12-29,49.11552821,-125.883787,19911370,63299806
ab-7699890,Jensen's Bay Retreat House,House,Entire home/apt,8/1/15,2015-08-01,7-9-17,2017-07-09,49.11138087,-125.8804011,7699890,7317725
ab-17144411,Luxury Boutique Suite By Tofino ~ Spa Hot Tub ☆☆☆☆,Room in boutique hotel,Private room,2/5/17,2017-02-05,5-21-19,2019-05-21,48.94005,-125.54496,17144411,39772746
ab-5686455,Chesterman Beach Cottage Suite,Guest suite,Entire home/apt,3/16/15,2015-03-16,5-24-19,2019-05-24,49.117,-125.89273,5686455,23720350
ab-14153678,Yew Wood Retreat,Guest suite,Entire home/apt,7/23/16,2016-07-23,5-22-19,2019-05-22,49.14161,-125.89464,14153678,85534989
ab-16353893,Cox Bay Surf Home,House,Entire home/apt,12/12/16,2016-12-12,5-24-17,2017-05-24,49.10941434,-125.8772107,16353893,23912256
ab-19329225,Harbourfront Guest Suite,Condominium,Entire home/apt,6/14/17,2017-06-14,5-24-19,2019-05-24,49.15305,-125.90953,19329225,83545978
ab-7733017,The Bird's Nest Tofino,House,Entire home/apt,8/2/15,2015-08-02,5-21-19,2019-05-21,49.15196,-125.90813,7733017,36901386
ab-16382684,Chesterman Cabin,House,Entire home/apt,12/14/16,2016-12-14,5-21-19,2019-05-21,49.12143,-125.89067,16382684,7434361
ab-19344988,Bed in a Shared Room - Right In Down Town Tofino !,House,Shared room,10/16/17,2017-10-16,5-22-19,2019-05-22,49.15285,-125.90691,19344988,9487541
ab-18061834,Raincoast Retreat: Private cabin in Tofino,Guesthouse,Entire home/apt,4/3/17,2017-04-03,9-11-18,2018-09-11,49.1309551,-125.8922675,18061834,81692140
ab-16414790,The Harbourview- Ocean Front Condo,Loft,Entire home/apt,12/17/16,2016-12-17,5-20-19,2019-05-20,49.15363,-125.90945,16414790,36901386
ab-13533596,Salt - West Coast home with the best view in town!,House,Entire home/apt,6/15/16,2016-06-15,5-21-19,2019-05-21,49.14657,-125.89578,13533596,7434361
ab-5774451,Tofino Cabin,Cabin,Entire home/apt,3/30/19,2019-03-30,5-24-19,2019-05-24,49.11981,-125.89323,5774451,14278938
ab-6785165,Moon Shadow,Apartment,Entire home/apt,6/9/15,2015-06-09,5-23-19,2019-05-23,49.15258,-125.89893,6785165,7434361
ab-6795586,Tofino Oyster Catcher Suite,Guest suite,Entire home/apt,6/10/15,2015-06-10,5-23-19,2019-05-23,49.14234,-125.89278,6795586,35570727
ab-4210391,Cobble Wood & Bird Sanctuary Guest House,Guest suite,Private room,7/1/17,2017-07-01,5-24-19,2019-05-24,49.13015,-125.89007,4210391,21848449
ab-2691956,Tofino Retreat,House,Entire home/apt,4/1/14,2014-04-01,5-24-19,2019-05-24,49.1114,-125.87455,2691956,10728734
ab-19362211,Tyee Suite Ocean View,Entire guesthouse,Entire home/apt,6/16/17,2017-06-16,1-30-18,2018-01-30,49.1518262,-125.8970429,19362211,102892472
ab-19363816,Surf Shack Cozy Digs & Hot Tub at Chesterman Beach,Cabin,Entire home/apt,6/16/17,2017-06-16,5-23-19,2019-05-23,49.11237,-125.88711,19363816,58902662
ab-719228,Shorewind Place Guest Suite Tofino!,Guest suite,Entire home/apt,9/29/12,2012-09-29,11-5-18,2018-11-05,49.14727347,-125.8927687,719228,3710721
ab-20482203,Ucluelet / Tofino Vacation Rental - Habitat House,Bungalow,Entire home/apt,8/15/17,2017-08-15,5-24-19,2019-05-24,48.97026,-125.59051,20482203,146218408
ab-5807406,Cedar Sands,House,Entire home/apt,3/27/15,2015-03-27,10-30-18,2018-10-30,49.10719826,-125.8673825,5807406,7434361
ab-20540188,"DIRECTLY on Chesterman Beach - 3BR, 3Bath Tofino Beach House by OnlyBC",House,Entire home/apt,11/18/17,2017-11-18,5-22-19,2019-05-22,49.11683,-125.89248,20540188,122383171
ab-20540196,Oceanfront Condo by OnlyBC @104,Condominium,Entire home/apt,8/19/17,2017-08-19,5-22-19,2019-05-22,49.15261,-125.89942,20540196,122383171
ab-20540275,Waterfront Condo by OnlyBC @202,Condominium,Entire home/apt,8/19/17,2017-08-19,5-24-19,2019-05-24,49.15091,-125.89881,20540275,122383171
ab-18124214,Sailors Rest - Executive Loft  Waterfront Tofino,Loft,Entire home/apt,4/6/17,2017-04-06,5-21-19,2019-05-21,49.15317,-125.90631,18124214,2118559
ab-16453467,Stay and Surf - Beachfront,Townhouse,Entire home/apt,12/20/16,2016-12-20,5-22-19,2019-05-22,49.11232,-125.87912,16453467,9584286
ab-2723287,Ocean Dream Waterfront Cottage Tofino,House,Entire home/apt,4/4/14,2014-04-04,5-22-19,2019-05-22,49.1457,-125.88966,2723287,13936106
ab-20574273,Surfers Guesthouse,Guest suite,Entire home/apt,9/12/18,2018-09-12,5-22-19,2019-05-22,49.11341,-125.87982,20574273,7434361
ab-20574293,Tidal View,House,Entire home/apt,8/20/17,2017-08-20,5-24-19,2019-05-24,49.11419,-125.87935,20574293,7434361
ab-17254786,Ocean Hill House,House,Entire home/apt,2/12/17,2017-02-12,5-21-19,2019-05-21,49.14758,-125.91131,17254786,116295363
ab-9064206,Wolf's Den and Yoga Hollow Jensen's Bay,House,Entire home/apt,10/22/15,2015-10-22,9-30-18,2018-09-30,49.11354777,-125.8784743,9064206,7317725
ab-6845614,The Sunset House at Rosie Bay,House,Entire home/apt,6/13/15,2015-06-13,1-4-16,2016-01-04,49.10717393,-125.8720865,6845614,35870882
ab-20623431,Heron's Nest on Chesterman Beach,Guest suite,Entire home/apt,8/23/17,2017-08-23,5-21-19,2019-05-21,49.1161,-125.89332,20623431,27927489
ab-7823886,"West Coast Hideaway (Hot Tub, 5min walk to CoxBay)",House,Entire home/apt,8/8/15,2015-08-08,5-24-19,2019-05-24,49.10898,-125.86926,7823886,5918863
ab-9071863,Jensen's Bay Sweet Suite,House,Entire home/apt,10/23/15,2015-10-23,7-9-17,2017-07-09,49.11130128,-125.8782782,9071863,7317725
ab-2804141,OceanFront View Top Floor End Unit ,Loft,Entire home/apt,4/14/14,2014-04-14,5-24-19,2019-05-24,49.15284,-125.90986,2804141,8813504
ab-20655789,Tofino Beach Townhome on Chestermen Beach! #18,Entire townhouse,Entire home/apt,8/25/17,2017-08-25,2-19-18,2018-02-19,49.11385582,-125.8823279,20655789,30300150
ab-20656032,Gorgeous Townhouse on Chesterman Beach!,Entire townhouse,Entire home/apt,8/25/17,2017-08-25,2-21-18,2018-02-21,49.11314557,-125.8816134,20656032,30300150
ab-20656073,Luxury Waterfront 3br on Two Floors by OnlyBC,Townhouse,Entire home/apt,11/21/17,2017-11-21,3-7-19,2019-03-07,49.11324,-125.88328,20656073,122383171
ab-20680155,Tofino Beach House Directly on Chesterman Beach,House,Entire home/apt,8/26/17,2017-08-26,7-29-18,2018-07-29,49.11830897,-125.8909139,20680155,30300150
ab-20680553,Chesterman Beach Town House - Discovery,Townhouse,Entire home/apt,9/12/17,2017-09-12,10-15-17,2017-10-15,49.11096237,-125.8789011,20680553,30300150
ab-20680875,Townhouse on Chesterman Beach - Driftwood Dream,Townhouse,Entire home/apt,9/12/17,2017-09-12,10-15-17,2017-10-15,49.11300474,-125.882963,20680875,30300150
ab-20681017,3BR Townhouse on Chesterman Beach - Oystercatcher,Townhouse,Entire home/apt,8/26/17,2017-08-26,11-5-17,2017-11-05,49.11301438,-125.8832119,20681017,30300150
ab-20706446,Tofino Beach Townhouse - Sou'Wester,Entire townhouse,Entire home/apt,9/12/17,2017-09-12,2-21-18,2018-02-21,49.1128221,-125.8810513,20706446,30300150
ab-13587609,Tofino Townhome,Apartment,Entire home/apt,5/24/17,2017-05-24,5-23-19,2019-05-23,49.15105,-125.89743,13587609,78467330
ab-2838500,Ray of Sunshine,House,Entire home/apt,4/18/14,2014-04-18,5-23-19,2019-05-23,49.12887,-125.89346,2838500,7434361
ab-2838537,Cedar Surf,House,Entire home/apt,4/18/14,2014-04-18,10-28-18,2018-10-28,49.13360935,-125.8933116,2838537,7434361
ab-2838557,Cedar Nook,Guest suite,Entire home/apt,4/18/14,2014-04-18,5-24-19,2019-05-24,49.14886,-125.89878,2838557,7434361
ab-2838589,Tsuga House,House,Entire home/apt,4/18/14,2014-04-18,5-22-19,2019-05-22,49.11531,-125.87968,2838589,7434361
ab-20714491,Luxury Oceanfront 2br by OnlyBC,Condominium,Entire home/apt,8/28/17,2017-08-28,5-21-19,2019-05-21,49.15249,-125.89741,20714491,122383171
ab-20719596,Luxury Oceanfront Condo by OnlyBC @101,Condominium,Entire home/apt,8/28/17,2017-08-28,5-21-19,2019-05-21,49.15154,-125.89785,20719596,122383171
ab-5874354,Chesterman Beach Estates  Suite,House,Entire home/apt,4/2/15,2015-04-02,5-23-19,2019-05-23,49.12318,-125.89095,5874354,30504477
ab-6871722,#3 - South Chesterman,Condominium,Entire home/apt,6/15/15,2015-06-15,2-18-17,2017-02-18,49.11405383,-125.8823988,6871722,7434361
ab-842675,Luxury Penthouse Condo - Tofino,Apartment,Entire home/apt,12/16/12,2012-12-16,9-17-18,2018-09-17,49.15269245,-125.9053636,842675,4399635
ab-18197409,Tidal Retreat- Private Cabin Minutes to Beach,Cabin,Entire home/apt,4/11/17,2017-04-11,5-22-19,2019-05-22,49.11334,-125.87584,18197409,7043743
ab-5913614,South Chesterman's Beach Cabin,House,Entire home/apt,4/5/15,2015-04-05,5-23-19,2019-05-23,49.11323,-125.88642,5913614,8813504
ab-20836217,Sanctuary suite,Guesthouse,Private room,9/5/17,2017-09-05,5-23-19,2019-05-23,49.13568,-125.88825,20836217,58490574
ab-15660607,Angler's Inn Tofino (harbour view with hot tub),House,Entire home/apt,10/23/16,2016-10-23,5-23-19,2019-05-23,49.14789,-125.89627,15660607,101102138
ab-20845861,Haidaway Cottage at Chesterman Beach,Cabin,Entire home/apt,9/6/17,2017-09-06,5-23-19,2019-05-23,49.11412,-125.88679,20845861,12288481
ab-896626,Adrienne's Loft- Waterfront Suite,Loft,Entire home/apt,1/18/13,2013-01-18,5-25-19,2019-05-25,49.15112,-125.89866,896626,4781608
ab-11941762,Private Rainforest Suite on the Water,Guest suite,Entire home/apt,3/18/16,2016-03-18,5-21-19,2019-05-21,49.13623,-125.8899,11941762,63755437
ab-5930002,Meares Retreat (Sunset Suite #2),Guest suite,Private room,4/6/15,2015-04-06,5-23-19,2019-05-23,49.14928,-125.91232,5930002,17335775
ab-19415081,Secluded Beachfront Studio - Tonquin Point Retreat,Guest suite,Entire home/apt,6/18/17,2017-06-18,5-23-19,2019-05-23,49.14753,-125.91571,19415081,58902662
ab-19415811,Float On Guesthouse,House,Entire home/apt,6/18/17,2017-06-18,8-25-18,2018-08-25,49.14842974,-125.8988363,19415811,7043743
ab-11973896,The Blue Cabin harbour side accom,Cabin,Entire home/apt,3/20/16,2016-03-20,5-24-19,2019-05-24,49.15021,-125.89351,11973896,63980535
ab-20888001,King room w/jacuzzi&breakfast 1min walkto theBeach,Bed and breakfast,Private room,12/11/18,2018-12-11,5-25-19,2019-05-25,49.12133,-125.89444,20888001,149854447
ab-4393487,Waterfront Sunrise 3bd House&Cabin,House,Entire home/apt,9/29/14,2014-09-29,1-2-17,2017-01-02,49.11824599,-125.8870998,4393487,3130309
ab-14993046,Bed In A Cozy Shared Room - Right In Down Town !,Bed and breakfast,Shared room,9/9/16,2016-09-09,5-23-19,2019-05-23,49.15395,-125.90467,14993046,9487541
ab-14993385,Cozy Heritage House - Right In Down Town Tofino !,House,Entire home/apt,9/9/16,2016-09-09,5-22-19,2019-05-22,49.15322,-125.90645,14993385,9487541
ab-14254038,Arrow's Place,House,Private room,7/29/16,2016-07-29,5-24-19,2019-05-24,49.15272,-125.90709,14254038,86783805
ab-13014969,Hosted Tenting - 5 man tent,Private room in tent,Private room,5/14/16,2016-05-14,1-19-18,2018-01-19,49.15401162,-125.905497,13014969,34994271
ab-15699904,Treetop Suite at Tofino Family Home & Hobby Farm,Apartment,Entire home/apt,10/25/17,2017-10-25,5-23-19,2019-05-23,49.14196,-125.89462,15699904,36964900
ab-17340160,Tofino Stormbay guesthouse,House,Entire home/apt,2/17/17,2017-02-17,5-23-19,2019-05-23,49.15131,-125.89009,17340160,116060350
ab-13016086,Hostel Mens Dorm Bed #10,Dorm,Shared room,5/14/16,2016-05-14,9-25-17,2017-09-25,49.15287463,-125.9063886,13016086,34994271
ab-13016356,Hostel Mens Dorm Bed #9,Shared room in dorm,Shared room,5/14/16,2016-05-14,1-17-18,2018-01-17,49.15282306,-125.9065727,13016356,34994271
ab-13016439,Hosted Tenting - 4 Man tent #7,Private room in tent,Private room,5/14/16,2016-05-14,1-17-18,2018-01-17,49.15502876,-125.9059031,13016439,34994271
ab-13016474,Hosted Tenting - 6 man tent,Private room in tent,Private room,5/14/16,2016-05-14,1-17-18,2018-01-17,49.15448968,-125.9067841,13016474,34994271
ab-13017273,Hosted Tenting - 5 Man Tent,Private room in tent,Private room,5/14/16,2016-05-14,1-17-18,2018-01-17,49.15467951,-125.9063646,13017273,34994271
ab-13017357,Hostel Mens Dorm Bed #11,Dorm,Shared room,5/14/16,2016-05-14,9-27-17,2017-09-27,49.15295906,-125.9048184,13017357,34994271
ab-13017458,Hosted Tenting - 4 Man tent #8,Tent,Private room,5/14/16,2016-05-14,9-27-17,2017-09-27,49.1535584,-125.9046544,13017458,34994271
ab-13017582,Hostel Mens Dorm Bed #1,Shared room in dorm,Shared room,5/14/16,2016-05-14,1-17-18,2018-01-17,49.15354301,-125.906008,13017582,34994271
ab-13017597,Studio Tree House by the Sea,Treehouse,Entire home/apt,12/17/18,2018-12-17,1-29-19,2019-01-29,49.11557531,-125.8815742,13017597,8524444
ab-13017782,Hostel Mens Dorm Bed #7,Shared room in dorm,Shared room,5/14/16,2016-05-14,1-17-18,2018-01-17,49.15450071,-125.9054468,13017782,34994271
ab-13017826,Hostel Mens Dorm Bed #12,Shared room in dorm,Shared room,5/14/16,2016-05-14,1-17-18,2018-01-17,49.15350759,-125.9066681,13017826,34994271
ab-13017873,Hostel Womens Dorm Bed #1,Dorm,Shared room,5/14/16,2016-05-14,9-25-17,2017-09-25,49.15421902,-125.904881,13017873,34994271
ab-3027470,Comfortable Suite With Queen Bed,Bed and breakfast,Private room,5/11/14,2014-05-11,12-2-18,2018-12-02,49.13182677,-125.8948177,3027470,15421711
ab-13018340,Hostel Womens Dorm Bed #2,Dorm,Shared room,5/14/16,2016-05-14,9-27-17,2017-09-27,49.15341317,-125.905238,13018340,34994271
ab-13018381,Hostel Womens Dorm Bed #11,Shared room in dorm,Shared room,5/14/16,2016-05-14,1-17-18,2018-01-17,49.1548528,-125.9054268,13018381,34994271
ab-13018420,Hostel Womens Dorm Bed #3,Dorm,Shared room,5/14/16,2016-05-14,9-27-17,2017-09-27,49.15433186,-125.9058571,13018420,34994271
ab-13018466,Hostel Womens Dorm Bed #4,Dorm,Shared room,5/14/16,2016-05-14,9-27-17,2017-09-27,49.15408814,-125.906625,13018466,34994271
ab-1036903,THE OSPREY: Close to Beaches,Cabin,Entire home/apt,4/1/13,2013-04-01,5-21-19,2019-05-21,49.13041,-125.89317,1036903,5708398
ab-21029477,Tofino House,Guest suite,Entire home/apt,9/19/17,2017-09-19,5-20-19,2019-05-20,49.15026,-125.89354,21029477,151463095
ab-18852815,West Coast Cedar Suite,House,Entire home/apt,5/19/17,2017-05-19,5-23-19,2019-05-23,49.13323,-125.89493,18852815,131329280
ab-5990772,Sand Dollar - 1 bdrm vacation suite,Guest suite,Entire home/apt,4/11/15,2015-04-11,5-22-19,2019-05-22,49.14877,-125.89698,5990772,31104397
ab-5992344,Paddlers' Point Guesthouse,House,Private room,4/11/15,2015-04-11,5-23-19,2019-05-23,49.15042,-125.89025,5992344,31114553
ab-3104013,Cozy semi-waterfront unit in home  ,Guest suite,Entire home/apt,5/20/14,2014-05-20,5-24-19,2019-05-24,49.12381,-125.89423,3104013,15769988
ab-3115946,Very Comfortable Suite for 2 or 4,Bed and breakfast,Private room,5/22/14,2014-05-22,12-4-18,2018-12-04,49.13283522,-125.8932713,3115946,15421711
ab-3115992,Spacious Room - Wheel Chair Access,Bed and breakfast,Private room,5/22/14,2014-05-22,12-4-18,2018-12-04,49.13343473,-125.8939002,3115992,15421711
ab-9231907,Tofino Cedar Suite,House,Entire home/apt,11/1/15,2015-11-01,11-14-17,2017-11-14,49.14730016,-125.8973848,9231907,47990017
ab-3124570,Cedar Nest at Emerald Forest,Cabin,Entire home/apt,5/23/14,2014-05-23,5-23-19,2019-05-23,49.1163,-125.88286,3124570,15870820
ab-12088828,Breakfast and One Double Bed or Two Singles - Rm 2,Bed and breakfast,Private room,3/27/16,2016-03-27,5-24-19,2019-05-24,49.15241,-125.90929,12088828,47660498
ab-1117159,Cedarwood Cove Retreat - Sunrise Studio Cabin,Cabin,Entire home/apt,4/27/13,2013-04-27,5-22-19,2019-05-22,49.12039,-125.88761,1117159,3130309
ab-6993662,Wild Light Tofino Guest House,House,Entire home/apt,6/23/15,2015-06-23,5-23-19,2019-05-23,49.14746,-125.89509,6993662,27698066
ab-12088847,Breakfast and One Double Bed or Two Singles - Rm 1,Bed and breakfast,Private room,3/27/16,2016-03-27,5-24-19,2019-05-24,49.15126,-125.90868,12088847,47660498
ab-12088890,Breakfast and Two Bedrooms for four,Bed and breakfast,Private room,3/27/16,2016-03-27,5-24-19,2019-05-24,49.15213,-125.90943,12088890,47660498
ab-1123770,Tonquin Beach Suite Tofino,Apartment,Entire home/apt,4/29/13,2013-04-29,5-20-19,2019-05-20,49.14663,-125.91307,1123770,6164323
ab-1127422,"Cedar room for 2, cosy & private",Guest suite,Private room,5/1/13,2013-05-01,5-22-19,2019-05-22,49.11573,-125.88046,1127422,2146505
ab-7010401,Studio by the Sea,House,Private room,6/24/15,2015-06-24,1-11-17,2017-01-11,49.11688977,-125.8816775,7010401,8524444
ab-18346570,Whimbrel Cabin in the Cedars (Since 2017),Cabin,Entire home/apt,4/20/17,2017-04-20,5-23-19,2019-05-23,49.12342,-125.88841,18346570,25871397
ab-17422949,Tofino Forest House,House,Entire home/apt,2/22/17,2017-02-22,5-24-19,2019-05-24,49.11694,-125.88492,17422949,117852223
ab-13699445,Hostel Womens Dorm Bed #12,Shared room in dorm,Shared room,6/25/16,2016-06-25,1-17-18,2018-01-17,49.153445,-125.9044172,13699445,34994271
ab-9259590,Stylish Waterfront Condo,Loft,Entire home/apt,11/2/15,2015-11-02,11-19-16,2016-11-19,49.15140534,-125.8982633,9259590,2052205
ab-4550219,Cozy & Modern 1bd Close to Town,Apartment,Entire home/apt,10/20/14,2014-10-20,5-21-19,2019-05-21,49.1495,-125.899,4550219,23483041
ab-9274274,Private Inlet Getaway Close to Chesterman's Beach,Chalet,Entire home/apt,11/3/15,2015-11-03,5-21-19,2019-05-21,49.11275,-125.87427,9274274,6237362
ab-3215098,Cozy Room with external bathroom,Guest suite,Private room,6/2/14,2014-06-02,9-11-18,2018-09-11,49.15112601,-125.9028398,3215098,16284282
ab-3257779,Deluxe Room,House,Private room,6/7/14,2014-06-07,9-12-18,2018-09-12,49.15220634,-125.9035917,3257779,16284282
ab-3257925,2 Bedroom Suite,House,Private room,6/7/14,2014-06-07,9-11-18,2018-09-11,49.15060322,-125.9024366,3257925,16284282
ab-6028321,The Jingle Shell,Apartment,Entire home/apt,4/14/15,2015-04-14,2-20-17,2017-02-20,49.11097878,-125.879331,6028321,7043743
ab-13064530,Raven's Nest Suite in Tofino,Guest suite,Entire home/apt,5/17/16,2016-05-17,5-21-19,2019-05-21,49.15296,-125.90731,13064530,3168321
ab-7996953,Private Suite. Funky and Bright,Guest suite,Entire home/apt,8/20/15,2015-08-20,5-20-19,2019-05-20,49.15357,-125.90755,7996953,42213514
ab-15788383,The Homestead Tofino (South Side),Chalet,Entire home/apt,11/1/16,2016-11-01,5-23-19,2019-05-23,49.15231,-125.90994,15788383,102125245
ab-6045663,Queen Room,House,Private room,4/15/15,2015-04-15,2-26-17,2017-02-26,49.12813401,-125.8919386,6045663,31348744
ab-3294633,Tapasya Suite,Guest suite,Entire home/apt,6/11/14,2014-06-11,5-22-19,2019-05-22,49.11516,-125.88181,3294633,7434361
ab-1160507,Hemlock Hideaway Cottage,Cottage,Entire home/apt,5/11/13,2013-05-11,5-24-19,2019-05-24,49.11487,-125.87922,1160507,6359446
ab-8030445,Nature's Edge Guest House-Waterfront with Hot Tub,Cabin,Entire home/apt,8/22/15,2015-08-22,5-24-19,2019-05-24,49.11815,-125.88651,8030445,42399420
ab-17479134,Sunrise Suite - a few minute walk to the beach,Apartment,Entire home/apt,2/25/17,2017-02-25,5-24-19,2019-05-24,49.11554,-125.88134,17479134,10787421
ab-9329210,Heron Cottage,Cottage,Entire home/apt,7/3/17,2017-07-03,5-24-19,2019-05-24,49.13435,-125.88907,9329210,8989570
ab-17502704,Luxury Boutique Suite By Tofino ~ Spa Hot Tub ☆☆☆☆,Room in boutique hotel,Private room,2/27/17,2017-02-27,5-22-19,2019-05-22,48.94112,-125.5467,17502704,39772746
ab-3377059,Tofino Surf Cabin,Cabin,Entire home/apt,6/21/14,2014-06-21,5-23-19,2019-05-23,49.10879,-125.86997,3377059,17037228
ab-15814732,Chesterman Beach Suite,Apartment,Entire home/apt,11/2/16,2016-11-02,12-27-16,2016-12-27,49.12205246,-125.8938918,15814732,99924522
ab-19529407,Shipwreck Cottage at Chesterman Beach,Cabin,Entire home/apt,6/24/17,2017-06-24,5-25-19,2019-05-25,49.11399,-125.88714,19529407,12288481
ab-19533098,Smallwood Guest House,House,Entire home/apt,6/25/17,2017-06-25,5-22-19,2019-05-22,49.14178,-125.89473,19533098,4408090
ab-4753000,Cute Studio by South Chesterman's,House,Private room,11/17/14,2014-11-17,5-20-19,2019-05-20,49.11446,-125.88723,4753000,8813504
ab-7048850,Tofino Family Home & Hobby Farm,House,Entire home/apt,6/26/15,2015-06-26,5-24-19,2019-05-24,49.14201,-125.89366,7048850,36964900
ab-17524854,Lower Floor Studio Beach Cabin,Hut,Entire home/apt,3/1/17,2017-03-01,3-30-17,2017-03-30,49.12902079,-125.9008671,17524854,65790915
ab-1342321,Forest View Cabin,Cabin,Entire home/apt,7/3/13,2013-07-03,5-24-19,2019-05-24,49.10742,-125.86697,1342321,7280643
ab-12266901,Hosted Tenting - 2 Man tent#1,Private room in tent,Private room,4/5/16,2016-04-05,1-17-18,2018-01-17,49.15321414,-125.9069588,12266901,34994271
ab-12268463,Hosted Tenting - 2 Man tent #2,Private room in tent,Private room,4/5/16,2016-04-05,1-17-18,2018-01-17,49.15272246,-125.9052399,12268463,34994271
ab-12268964,Hosted Tenting - 4 Man tent #4,Private room in tent,Private room,4/5/16,2016-04-05,1-17-18,2018-01-17,49.15258048,-125.9048163,12268964,34994271
ab-12269015,Hosted Tenting - 2 Man tent # 3,Private room in tent,Private room,4/5/16,2016-04-05,1-17-18,2018-01-17,49.15412704,-125.9065526,12269015,34994271
ab-17533346,Luxury Boutique Suite By Tofino ~ Spa Hot Tub ☆☆☆☆,Room in boutique hotel,Private room,3/1/17,2017-03-01,5-20-19,2019-05-20,48.9396,-125.54631,17533346,39772746
ab-17533608,Luxury Boutique Suite By Tofino ~ Spa Hot Tub ☆☆☆☆,Room in boutique hotel,Private room,3/1/17,2017-03-01,5-22-19,2019-05-22,48.93995,-125.54598,17533608,39772746
ab-12287266,Hosted Tenting - 4 Man tent #5,Private room in tent,Private room,4/6/16,2016-04-06,1-19-18,2018-01-19,49.1534981,-125.9063369,12287266,34994271
ab-12288195,Hosted Tenting - 4 Man tent #6,Private room in tent,Private room,4/6/16,2016-04-06,1-17-18,2018-01-17,49.15423667,-125.9069241,12288195,34994271
ab-3440146,Meares Retreat (Charming & Cozy Sunrise room # 1),Guest suite,Private room,6/28/14,2014-06-28,5-24-19,2019-05-24,49.14955,-125.91302,3440146,17335775
ab-1371111,Sunset Loft,Loft,Entire home/apt,7/9/13,2013-07-09,5-22-19,2019-05-22,49.15217,-125.91065,1371111,7434361
ab-17544992,The Homestead Tofino,House,Entire home/apt,3/1/17,2017-03-01,3-26-17,2017-03-26,49.1510913,-125.9087201,17544992,102125245
ab-21203884,Namaste House Tofino,House,Entire home/apt,10/16/17,2017-10-16,11-1-17,2017-11-01,49.14213605,-125.8922217,21203884,7008619
ab-8100305,Herta´s Guest House - suite #2,Apartment,Private room,8/27/15,2015-08-27,5-24-19,2019-05-24,49.14531,-125.88987,8100305,38975430
ab-13798529,The Den,Guest suite,Entire home/apt,7/1/16,2016-07-01,5-24-19,2019-05-24,49.14214,-125.90012,13798529,24500655
ab-7091941,Private Room# 1 - Double Bed,House,Private room,6/29/15,2015-06-29,9-27-17,2017-09-27,49.15400861,-125.9061079,7091941,34994271
ab-7092152,Private Room # 2- Double Bed,Private room in house,Private room,6/29/15,2015-06-29,1-17-18,2018-01-17,49.15471678,-125.9060881,7092152,34994271
ab-7092337,Private Room #3- Double Bed,House,Private room,6/29/15,2015-06-29,9-12-17,2017-09-12,49.15416921,-125.9063977,7092337,34994271
ab-7092479,Private Room #4 - Bunk Bed and Single,Private room in hostel,Private room,6/29/15,2015-06-29,1-17-18,2018-01-17,49.15440189,-125.9047375,7092479,34994271
ab-7092563,Private Room# 5 - Bunk Bed(women's only),Private room in house,Private room,6/29/15,2015-06-29,1-17-18,2018-01-17,49.15399234,-125.9067415,7092563,34994271
ab-7092733,Hostel Mens Dorm Bed #5,Shared room in dorm,Shared room,6/29/15,2015-06-29,1-17-18,2018-01-17,49.15317036,-125.9049664,7092733,34994271
ab-7092883,Hostel Mens Dorm Bed #2,Shared room in house,Shared room,6/29/15,2015-06-29,1-17-18,2018-01-17,49.15306998,-125.9067456,7092883,34994271
ab-7092995,Hostel Mens Dorm Bed #3,Shared room in house,Shared room,6/29/15,2015-06-29,1-17-18,2018-01-17,49.15271228,-125.9047065,7092995,34994271
ab-7093103,Hostel Mens Dorm Bed #4,Shared room in house,Shared room,6/29/15,2015-06-29,1-17-18,2018-01-17,49.15462731,-125.9051114,7093103,34994271
ab-7093188,Hostel Mens Dorm Bed #8,Dorm,Shared room,6/29/15,2015-06-29,9-27-17,2017-09-27,49.1531854,-125.9064286,7093188,34994271
ab-7093246,Hostel Mens Dorm Bed #6,Shared room in house,Shared room,6/29/15,2015-06-29,1-17-18,2018-01-17,49.15491904,-125.9062778,7093246,34994271
ab-7093298,Hostel Womens Dorm Bed #7,Shared room in house,Shared room,6/29/15,2015-06-29,1-19-18,2018-01-19,49.15416201,-125.9061573,7093298,34994271
ab-7093359,Hostel Womens Dorm Bed #8,Shared room in house,Shared room,6/29/15,2015-06-29,1-17-18,2018-01-17,49.15482869,-125.9066557,7093359,34994271
ab-7093422,Hostel Womens Dorm Bed #9,Shared room in house,Shared room,6/29/15,2015-06-29,1-17-18,2018-01-17,49.15420844,-125.9051216,7093422,34994271
ab-7093461,Hostel Womens Dorm Bed #5,Dorm,Shared room,6/29/15,2015-06-29,9-25-17,2017-09-25,49.15473522,-125.9061755,7093461,34994271
ab-7093489,Hostel Womens Dorm Bed #6,Dorm,Shared room,6/29/15,2015-06-29,9-27-17,2017-09-27,49.15351008,-125.905272,7093489,34994271
ab-7093534,Hostel Womens Dorm Bed #10,Shared room in dorm,Shared room,6/29/15,2015-06-29,1-17-18,2018-01-17,49.15430924,-125.9045771,7093534,34994271
ab-7109292,Tofino Waterfront Studio,Condominium,Entire home/apt,7/1/15,2015-07-01,5-21-19,2019-05-21,49.15353,-125.90933,7109292,37243197
ab-4809801,Portofino,Apartment,Entire home/apt,11/24/14,2014-11-24,5-22-19,2019-05-22,49.1526,-125.91052,4809801,7434361
ab-21309409,Tofino Seascape- Direct Oceanfront!,House,Entire home/apt,10/14/17,2017-10-14,5-21-19,2019-05-21,49.11829,-125.89499,21309409,15953623
ab-13815908,Cozy Curlew,Guesthouse,Entire home/apt,7/2/16,2016-07-02,5-22-19,2019-05-22,49.10678,-125.86752,13815908,7434361
ab-18935371,Seabrook,Guest suite,Entire home/apt,5/24/17,2017-05-24,5-21-19,2019-05-21,49.13955,-125.8891,18935371,132001017
ab-15196432,Beautiful Oceanview Ucluelet Guesthouse By Tofino!,Guesthouse,Entire home/apt,9/22/16,2016-09-22,2-6-17,2017-02-06,48.9351425,-125.5484539,15196432,39772746
ab-21396248,Heron House,House,Entire home/apt,2/24/18,2018-02-24,5-22-19,2019-05-22,49.13418,-125.88998,21396248,8989570
ab-4861189,Stella Maris,Apartment,Entire home/apt,12/2/14,2014-12-02,5-21-19,2019-05-21,49.11235,-125.87974,4861189,25005213
ab-15871772,Coho Queen Suite,Guesthouse,Private room,11/6/16,2016-11-06,9-25-17,2017-09-25,49.15113682,-125.8988929,15871772,102892472
ab-15872137,Ocean View Deluxe Suite with Kitchen,Apartment,Entire home/apt,11/6/16,2016-11-06,5-21-19,2019-05-21,49.1517,-125.89844,15872137,102892472
ab-3522827,Raven's View House in Tofino,Guest suite,Entire home/apt,7/6/14,2014-07-06,4-22-18,2018-04-22,49.1524436,-125.9055858,3522827,3168321
ab-6262899,Pacific Paradise - Tofino Glamping,Camper/RV,Entire home/apt,5/2/15,2015-05-02,4-25-18,2018-04-25,49.08103323,-125.7866718,6262899,32545687
ab-4879297,South Chesterman's 2 BR Beach Home,House,Entire home/apt,12/5/14,2014-12-05,5-24-19,2019-05-24,49.11393,-125.88556,4879297,8813504
ab-15883405,The Surf Suite on Chesterman,House,Private room,11/7/16,2016-11-07,5-23-19,2019-05-23,49.1169,-125.89178,15883405,102997570
ab-4885874,Blue Heron House,Entire house,Entire home/apt,12/6/14,2014-12-06,1-1-18,2018-01-01,49.11437078,-125.8776445,4885874,23901763
ab-18974478,Zen Den at Dockside Lodge,Guesthouse,Private room,5/26/17,2017-05-26,7-5-17,2017-07-05,49.15091801,-125.8972718,18974478,90824097
ab-12389556,"Wet Coast Tofino Retreat.... very tranquil, quiet",House,Private room,4/11/16,2016-04-11,7-28-16,2016-07-28,49.13445863,-125.8923312,12389556,66986096
ab-3595127,Summerhill Guest House: Rose Room,Apartment,Private room,7/13/14,2014-07-13,5-23-19,2019-05-23,49.13088,-125.89238,3595127,18066903
ab-6301830,Osa House- Forest Den,House,Private room,5/5/15,2015-05-05,5-23-19,2019-05-23,49.14671,-125.90946,6301830,32770977
ab-6302032,Osa House- The Beach Bunk,House,Private room,5/5/15,2015-05-05,5-24-19,2019-05-24,49.1469,-125.90794,6302032,32770977
ab-14453360,#6 - South Chesterman,Apartment,Entire home/apt,8/9/16,2016-08-09,2-18-17,2017-02-18,49.1134231,-125.8811305,14453360,7434361
ab-1538677,Cedarwood Cove Retreat - Waterfront Sunrise House,House,Entire home/apt,8/15/13,2013-08-15,5-24-19,2019-05-24,49.11848,-125.88546,1538677,3130309
ab-21633813,Tofino Waterfront Condo,Condominium,Entire home/apt,11/11/17,2017-11-11,5-22-19,2019-05-22,49.15384,-125.90922,21633813,157045368
ab-3637777,Casita Tofino: Cabin near beaches,Cottage,Entire home/apt,7/17/14,2014-07-17,5-24-19,2019-05-24,49.11173,-125.87569,3637777,16659387
ab-1561572,Lucky Eagle Guest Lodge,Chalet,Entire home/apt,8/21/13,2013-08-21,5-23-19,2019-05-23,49.14819,-125.89601,1561572,8309409
ab-3643900,"SaunaHouse Cabin,1"" stroll to beach",Bed and breakfast,Private room,7/18/14,2014-07-18,5-24-19,2019-05-24,49.11965,-125.89128,3643900,17656492
ab-3643984,"Birdlovers Loft, 1"" stroll to beach",Bed and breakfast,Private room,7/18/14,2014-07-18,5-23-19,2019-05-23,49.11839,-125.89286,3643984,17656492
ab-3644073,"Sea Dreams ,1"" stroll to beach",Bed and breakfast,Private room,7/18/14,2014-07-18,5-24-19,2019-05-24,49.11813,-125.89235,3644073,17656492
ab-3651719,Surf Suite- Point at Chesterman,House,Private room,7/19/14,2014-07-19,11-8-16,2016-11-08,49.11858893,-125.892625,3651719,18346769
ab-16779475,Sailfin Suite,Guest suite,Entire home/apt,1/13/17,2017-01-13,5-24-19,2019-05-24,49.13028,-125.89351,16779475,16393729
ab-6334956,Small Pleasant Cottage,House,Entire home/apt,5/8/15,2015-05-08,5-23-19,2019-05-23,49.12921,-125.89283,6334956,32980412
ab-16783468,BEACH FRONT on Long Beach Tofino,House,Entire home/apt,1/13/17,2017-01-13,8-30-18,2018-08-30,49.07227465,-125.7815141,16783468,109381238
ab-16796666,"1 Bdrm; 1 Bath Private Apartment, Great Location",Apartment,Entire home/apt,1/14/17,2017-01-14,9-18-18,2018-09-18,49.1316151,-125.8924909,16796666,111654065
ab-4989201,Meares View 202,Apartment,Entire home/apt,12/25/14,2014-12-25,10-30-18,2018-10-30,49.15329012,-125.9026788,4989201,25723350
ab-14488958,Tofino Skylodge,Guest suite,Entire home/apt,8/11/16,2016-08-11,5-20-19,2019-05-20,49.14094,-125.89546,14488958,89404715
ab-13193411,Surf &#x27;n&#x27; Turf,House,Entire home/apt,5/25/16,2016-05-25,9-27-16,2016-09-27,49.14881195,-125.9101057,13193411,7434361
ab-13202486,Tofino Treetop Surf Home,House,Entire home/apt,5/25/16,2016-05-25,6-24-16,2016-06-24,49.1090688,-125.8728763,13202486,17037228
ab-3742131,Green Cedar Retreat: 2 Beds+Hot Tub,House,Private room,7/28/14,2014-07-28,5-22-19,2019-05-22,49.13194,-125.89318,3742131,16832599
ab-9612027,"Stargazer Sleeping Loft, Tofino BC",Treehouse,Private room,11/22/15,2015-11-22,5-24-19,2019-05-24,49.11915,-125.86573,9612027,49728278
ab-9612466,"Forest Den in Tofino, BC",House,Private room,11/22/15,2015-11-22,5-4-17,2017-05-04,49.10847868,-125.8686056,9612466,49728278
ab-12513322,Dancing Cedars Private Room 3,House,Private room,4/16/16,2016-04-16,5-21-19,2019-05-21,49.14999,-125.89386,12513322,51374293
ab-3761904,The Point Suite Surf Tofino,House,Private room,7/30/14,2014-07-30,11-9-16,2016-11-09,49.12022364,-125.8918287,3761904,18346769
ab-18542302,CONDO 210 | PARADISE RIDGE RENTALS (Not in Tofino),Condominium,Private room,5/1/17,2017-05-01,5-2-18,2018-05-02,49.7372462,-125.3096526,18542302,6746349
ab-1728294,CedarView House - Tofino,House,Entire home/apt,1/18/18,2018-01-18,5-23-19,2019-05-23,49.11479,-125.87827,1728294,9107401
ab-12535450,Water Front Condo15 Downtown Tofino,Condominium,Entire home/apt,4/17/16,2016-04-17,5-22-19,2019-05-22,49.15461,-125.91081,12535450,8813504
ab-7294407,#36 - South Chesterman,Apartment,Entire home/apt,7/10/15,2015-07-10,2-16-17,2017-02-16,49.11272491,-125.879858,7294407,7434361
ab-19037101,Cedar Shack Cabin by the Beach & Private Hot Tub,Cottage,Entire home/apt,5/30/17,2017-05-30,5-23-19,2019-05-23,49.11238,-125.88545,19037101,58902662
ab-16829825,The Homestead Tofino (North Side),House,Entire home/apt,1/16/17,2017-01-16,5-23-19,2019-05-23,49.15243,-125.90898,16829825,102125245
ab-6426504,The Loft,Guesthouse,Entire home/apt,5/15/15,2015-05-15,5-21-19,2019-05-21,49.13078,-125.89153,6426504,7434361
ab-6426560,Cypre House - Suite #1,Apartment,Entire home/apt,5/15/15,2015-05-15,12-27-16,2016-12-27,49.15253075,-125.9018944,6426560,7434361
ab-6426579,Cypre House Suite,Entire apartment,Entire home/apt,5/15/15,2015-05-15,2-4-18,2018-02-04,49.15284819,-125.9024376,6426579,7434361
ab-3826721,The West Coast Suite,House,Private room,8/7/14,2014-08-07,11-7-16,2016-11-07,49.11810167,-125.8923895,3826721,18346769
ab-5013927,Tofino Cabinas - Cedarwood #2,Guest suite,Entire home/apt,12/30/14,2014-12-30,5-21-19,2019-05-21,49.13138,-125.89237,5013927,7434361
ab-5014449,Tofino Cabinas - The Nook,Guest suite,Entire home/apt,12/30/14,2014-12-30,5-25-19,2019-05-25,49.12995,-125.89378,5014449,7434361
ab-1810888,Drift Wood Room - Cozy Room In Down Town Tofino !,Bed and breakfast,Private room,10/17/13,2013-10-17,5-21-19,2019-05-21,49.15457,-125.9059,1810888,9487541
ab-1810967,Cedar Room - Cozy Room Right In Down Town Tofino !,Bed and breakfast,Private room,10/17/13,2013-10-17,5-21-19,2019-05-21,49.15252,-125.90656,1810967,9487541
ab-1811013,Comfortable Family Room Right In Down Town Tofino!,Bed and breakfast,Private room,6/17/17,2017-06-17,5-21-19,2019-05-21,49.15273,-125.90615,1811013,9487541
ab-5021433,#29 - South Chesterman,Apartment,Entire home/apt,1/1/15,2015-01-01,2-18-17,2017-02-18,49.11329802,-125.8816225,5021433,7434361
ab-13898029,Tree Fern Guesthouse: New! Walk to the Beach!,Cabin,Entire home/apt,7/7/16,2016-07-07,5-21-19,2019-05-21,49.11514,-125.87905,13898029,82352660
ab-19038843,Yew Wood Stay,Guest suite,Entire home/apt,5/30/17,2017-05-30,5-24-19,2019-05-24,49.14071,-125.8935,19038843,7434361
ab-9695571,Westcoast Home,House,Entire home/apt,11/26/15,2015-11-26,2-28-17,2017-02-28,49.12699063,-125.8905177,9695571,31348744
ab-18585646,Salal Forest Private Room & Ensuite*,Guest suite,Private room,5/4/17,2017-05-04,11-5-17,2017-11-05,49.13389172,-125.8932511,18585646,108906918
ab-16865926,Private suite with water views,Guesthouse,Entire home/apt,1/18/17,2017-01-18,3-20-18,2018-03-20,49.14833052,-125.8961774,16865926,112386933
ab-15327219,Shallow Mar,Entire apartment,Entire home/apt,10/1/16,2016-10-01,2-14-18,2018-02-14,49.15365052,-125.905497,15327219,46594295
ab-16014385,The Point Suite at Chesterman,Guesthouse,Private room,11/16/16,2016-11-16,5-22-19,2019-05-22,49.11677,-125.89214,16014385,102997570
ab-16016571,The Westcoast Suite at Chesterman,Guesthouse,Private room,11/16/16,2016-11-16,5-23-19,2019-05-23,49.11591,-125.89105,16016571,102997570
ab-7351034,The Grey Wolf; Modern house with an inlet view,House,Entire home/apt,7/13/15,2015-07-13,5-25-19,2019-05-25,49.1464,-125.89749,7351034,23483041
ab-8321607,Downtown apt w/ Meares Island view,Apartment,Entire home/apt,9/10/15,2015-09-10,9-19-16,2016-09-19,49.15383028,-125.9047518,8321607,10991498
ab-6494600,1 Bedroom Harbour Front Condo,Condominium,Entire home/apt,5/20/15,2015-05-20,5-21-19,2019-05-21,49.15052,-125.89466,6494600,33948298
ab-16029470,One bedroom suite with kitchen and hot tub.,Guest suite,Entire home/apt,11/17/16,2016-11-17,5-21-19,2019-05-21,49.10637,-125.87672,16029470,72954528
ab-6507031,Red House,House,Entire home/apt,5/21/15,2015-05-21,11-16-16,2016-11-16,49.14976994,-125.8991144,6507031,7434361
ab-6507037,Cox Bay Cabin,Guesthouse,Entire home/apt,5/21/15,2015-05-21,5-24-19,2019-05-24,49.10628,-125.8665,6507037,7434361
ab-17696468,New Bright Home with View,House,Entire home/apt,3/11/17,2017-03-11,8-27-17,2017-08-27,49.14239077,-125.8913818,17696468,24500655
ab-19057331,Fred Tibbs #6,Apartment,Entire home/apt,6/1/17,2017-06-01,5-24-19,2019-05-24,49.15334,-125.90979,19057331,7434361
ab-21739613,Alder House Tofino | Hot tub & Fire pit,Chalet,Entire home/apt,11/18/17,2017-11-18,5-22-19,2019-05-22,49.13974,-125.88841,21739613,19300961
ab-5058230,The Blue Heron Couples Retreat,Apartment,Entire home/apt,1/5/15,2015-01-05,1-24-18,2018-01-24,49.11527528,-125.8811736,5058230,26117557
ab-21781086,Cypre Suite,Guest suite,Entire home/apt,11/18/17,2017-11-18,5-24-19,2019-05-24,49.1514,-125.90123,21781086,158706948
ab-20287283,Lagoon Float Camp,Houseboat,Entire home/apt,8/5/17,2017-08-05,5-24-19,2019-05-24,49.14956,-125.8962,20287283,8309409
ab-19720848,The Beacon Guesthouse 3-Bedroom Harbourview Home,House,Entire home/apt,7/4/17,2017-07-04,5-21-19,2019-05-21,49.15229,-125.90469,19720848,137923463
ab-21799167,Tofino Panorama,House,Entire home/apt,11/21/17,2017-11-21,5-21-19,2019-05-21,49.11412,-125.8739,21799167,69184513
ab-16068829,Island Vista- Stylish Waterfront Loft,Loft,Entire home/apt,11/20/16,2016-11-20,5-22-19,2019-05-22,49.15092,-125.89756,16068829,7043743
ab-21802199,Tofino cedar home,House,Entire home/apt,11/18/17,2017-11-18,11-27-17,2017-11-27,49.14732343,-125.8957184,21802199,47990017
ab-17716634,Black Bear Suite,Guest suite,Entire home/apt,3/12/17,2017-03-12,5-21-19,2019-05-21,49.13572,-125.88609,17716634,58490574
ab-7439813,Herta's Guest House - suite #1,Apartment,Entire home/apt,7/17/15,2015-07-17,5-22-19,2019-05-22,49.14468,-125.89177,7439813,38975430
ab-13319015,Tofino Cabinas - Cedarwood #1,Guest suite,Entire home/apt,6/1/16,2016-06-01,5-21-19,2019-05-21,49.13009,-125.89462,13319015,7434361
ab-7441406,The Cougar Den,House,Entire home/apt,7/17/15,2015-07-17,1-1-19,2019-01-01,49.14749578,-125.9112975,7441406,38985071
ab-13957979,*Starlight Eco-Suite* Tofino,Guesthouse,Entire home/apt,7/11/16,2016-07-11,5-23-19,2019-05-23,49.11592,-125.88168,13957979,74058397
ab-7481880,Salal Berry Cottage at the Beach,Cabin,Entire home/apt,7/19/15,2015-07-19,2-23-17,2017-02-23,49.11802253,-125.8917885,7481880,9729555
ab-21952326,Chahayis Ocean front home,House,Entire home/apt,12/16/17,2017-12-16,5-23-19,2019-05-23,49.11047,-125.88137,21952326,57205422
ab-21993857,Tofino Cedar Home,House,Entire home/apt,12/7/17,2017-12-07,5-22-19,2019-05-22,49.14675,-125.89613,21993857,160594717
ab-19103223,Teresa's Tofino Gateway Studio,Tiny house,Entire home/apt,6/2/17,2017-06-02,9-8-18,2018-09-08,49.26349368,-124.8091513,19103223,77823832
ab-19115835,Dockside Lodge: The Zen Den,House,Private room,6/3/17,2017-06-03,5-22-19,2019-05-22,49.15168,-125.89854,19115835,102892472
ab-24937371,Cox Bay Beach Resort,Room in boutique hotel,Private room,5/12/18,2018-05-12,5-24-19,2019-05-24,49.10621,-125.87209,24937371,188530577
ab-22087312,Amazing tofino getaway spot.,Entire apartment,Entire home/apt,12/6/17,2017-12-06,12-12-17,2017-12-12,49.15033136,-125.8995805,22087312,90305943
ab-24962652,Raincoast Retreat: Private Cabin in Tofino,Guesthouse,Entire home/apt,5/12/18,2018-05-12,5-23-19,2019-05-23,49.13186,-125.8929,24962652,7434361
ab-19161210,Gold Coast Retreat at Chesterman Beach,Cottage,Entire home/apt,6/5/17,2017-06-05,5-22-19,2019-05-22,49.11299,-125.88547,19161210,12288481
ab-22311132,Sienna's Tree House #2,Apartment,Entire home/apt,12/30/17,2017-12-30,5-22-19,2019-05-22,49.12124,-125.88875,22311132,25197636
ab-25914179,"Off-Grid RV, True Tofino Style",Camper/RV,Entire home/apt,6/13/18,2018-06-13,6-19-18,2018-06-19,49.06782452,-125.6854158,25914179,67672041
ab-19178517,Dockside Lodge: Bedwell Queen Suite.,House,Private room,6/6/17,2017-06-06,5-21-19,2019-05-21,49.14977,-125.89925,19178517,102892472
ab-22597895,Wet Feet Retreat,Guest suite,Entire home/apt,1/22/18,2018-01-22,5-22-19,2019-05-22,49.14934,-125.91047,22597895,7434361
ab-22438920,The Shoreline Tofino // Oceanfront Honeymoon Suite,Room in boutique hotel,Private room,12/30/17,2017-12-30,5-24-19,2019-05-24,49.14947,-125.89397,22438920,28686545
ab-22439243,The Shoreline Tofino // Oceanfront Garden Suite,Room in boutique hotel,Private room,12/30/17,2017-12-30,5-24-19,2019-05-24,49.15081,-125.89449,22439243,28686545
ab-23435596,"Tofino Chalet House: oceanview, close to the beach",Guest suite,Entire home/apt,3/3/18,2018-03-03,5-22-19,2019-05-22,49.11233,-125.87744,23435596,168575821
ab-24225829,"Alaqua on the Beach: Chesterman beachhome, hot tub",House,Entire home/apt,4/6/18,2018-04-06,5-24-19,2019-05-24,49.11914,-125.89192,24225829,168575821
ab-24227937,Brick House: steps away from the beach!,House,Entire home/apt,4/21/18,2018-04-21,5-25-19,2019-05-25,49.11334,-125.89073,24227937,168575821
ab-22633579,Waterfront Townhouse Sou’Wester by OnlyBC,Townhouse,Entire home/apt,1/23/18,2018-01-23,5-21-19,2019-05-21,49.1122,-125.88182,22633579,122383171
ab-27545500,"Slack Tide Inn, Rain Forest Apartment Suite",House,Entire home/apt,8/6/18,2018-08-06,5-21-19,2019-05-21,49.10671,-125.86767,27545500,205389179
ab-27546072,"Slack Tide Inn, Rain Forest Guest Suite",Apartment,Private room,8/6/18,2018-08-06,5-21-19,2019-05-21,49.10821,-125.86773,27546072,205389179
ab-25087089,Waterfront Island Getaway - Downtown Tofino,Condominium,Entire home/apt,5/23/18,2018-05-23,5-23-19,2019-05-23,49.15301,-125.90962,25087089,189649097
ab-25976366,The Holiday House - Suite One,Guest suite,Entire home/apt,6/13/18,2018-06-13,5-22-19,2019-05-22,49.14966,-125.90147,25976366,49512372
ab-25978002,The Holiday House - Suite Two,Guest suite,Entire home/apt,6/13/18,2018-06-13,5-24-19,2019-05-24,49.14958,-125.90196,25978002,49512372
ab-25103951,Tug Boat B & B,House,Entire home/apt,5/18/18,2018-05-18,5-22-19,2019-05-22,49.14804,-125.89745,25103951,189754952
ab-24264677,Capitans suite,House,Private room,4/9/18,2018-04-09,5-24-19,2019-05-24,49.14823,-125.89775,24264677,182484710
ab-22685909,Luxury Coastal View Tofino,Entire house,Entire home/apt,1/13/18,2018-01-13,1-28-18,2018-01-28,49.11333814,-125.8732433,22685909,167210814
ab-23504548,Tofino Mariner's Guest House,House,Entire home/apt,3/21/18,2018-03-21,5-22-19,2019-05-22,49.1499,-125.9008,23504548,79158351
ab-25115427,Lookout Suite,Guest suite,Entire home/apt,5/18/18,2018-05-18,10-22-18,2018-10-22,49.14999955,-125.8973639,25115427,116318024
ab-30422755,Queen room w/Jacuzzi & Breakfast 1min walkto beach,Bed and breakfast,Private room,12/11/18,2018-12-11,5-21-19,2019-05-21,49.12151,-125.89432,30422755,149854447
ab-32807136,Rest - Relax - Reconnect - Starfish room,Room in boutique hotel,Private room,3/18/19,2019-03-18,5-21-19,2019-05-21,49.15347,-125.91198,32807136,240222142
ab-31573252,The Cougar Den,Guest suite,Entire home/apt,1/28/19,2019-01-28,5-23-19,2019-05-23,49.1477,-125.91139,31573252,38985071
ab-27613257,Tofino Layback,Townhouse,Private room,8/11/18,2018-08-11,8-15-18,2018-08-15,49.12930669,-125.8949147,27613257,208371739
ab-27613346,Tofino Layback,Townhouse,Private room,9/12/18,2018-09-12,5-24-19,2019-05-24,49.15354,-125.90745,27613346,208371739
ab-25194826,Tidewater house,House,Entire home/apt,5/21/18,2018-05-21,5-23-19,2019-05-23,49.1519,-125.90573,25194826,116318024
ab-23545745,Cox Bay Retreat: 5 min walk to Cox Bay beach,House,Entire home/apt,3/3/18,2018-03-03,5-22-19,2019-05-22,49.10711,-125.86985,23545745,168575821
ab-32822624,Bright and Modern Suite Steps from the Beach,Guest suite,Entire home/apt,3/30/19,2019-03-30,5-24-19,2019-05-24,49.1211,-125.89021,32822624,31834338
ab-22733608,The Lookout Suite on Chesterman Beach.,Guest suite,Entire home/apt,2/1/18,2018-02-01,5-22-19,2019-05-22,49.11392,-125.88734,22733608,167820348
ab-29443024,Tofino Harbour House Bungalow,Guesthouse,Entire home/apt,10/29/18,2018-10-29,5-24-19,2019-05-24,49.15266,-125.90328,29443024,55993789
ab-22740806,J-Bay Guesthouse on the Inlet,House,Entire home/apt,1/15/18,2018-01-15,5-23-19,2019-05-23,49.1125,-125.87399,22740806,9107401
ab-23580072,"DreamCatcher Eik Landing: ocean views, in town",Apartment,Entire home/apt,3/3/18,2018-03-03,5-23-19,2019-05-23,49.15177,-125.90408,23580072,168575821
ab-29490869,Caught in the Middle,Bed and breakfast,Private room,11/5/18,2018-11-05,4-6-19,2019-04-06,49.1539,-125.91045,29490869,68317913
ab-29491379,King and Queens room (our largest room),Bed and breakfast,Private room,11/5/18,2018-11-05,5-23-19,2019-05-23,49.15375,-125.90943,29491379,68317913
ab-29491596,Double Trouble (2 double beds),Bed and breakfast,Private room,11/5/18,2018-11-05,3-23-19,2019-03-23,49.1521,-125.91042,29491596,68317913
ab-22768406,BayView House - Tofino,House,Entire home/apt,1/18/18,2018-01-18,5-21-19,2019-05-21,49.11299,-125.87383,22768406,9107401
ab-34066763,"Surfers Guesthouse: sauna, hot tub, close to beach",House,Entire home/apt,5/20/19,2019-05-20,5-24-19,2019-05-24,49.11167,-125.87874,34066763,257258436
ab-32920987,Best Ocean View - Bear Room,Room in boutique hotel,Private room,3/18/19,2019-03-18,5-21-19,2019-05-21,49.15197,-125.90987,32920987,240222142
ab-22806208,Michel's Cabin,Guest suite,Entire home/apt,1/22/18,2018-01-22,5-23-19,2019-05-23,49.12139,-125.89474,22806208,9107401
ab-22810496,The Dunes Cabin,House,Entire home/apt,2/5/18,2018-02-05,5-25-19,2019-05-25,49.12232,-125.89183,22810496,9107401
ab-22810680,Oceans Edge: Chesterman beach home with hot tub,House,Entire home/apt,1/24/18,2018-01-24,5-24-19,2019-05-24,49.11115,-125.88185,22810680,168575821
ab-22812191,The Dunes House,House,Entire home/apt,2/5/18,2018-02-05,5-23-19,2019-05-23,49.12251,-125.89304,22812191,9107401
ab-22813448,By the Bay Getaway,House,Entire home/apt,1/19/18,2018-01-19,5-23-19,2019-05-23,49.11602,-125.88015,22813448,9107401
ab-24430736,Homebase - large house in central Tofino.,House,Entire home/apt,5/9/18,2018-05-09,5-21-19,2019-05-21,49.1516,-125.90466,24430736,184490796
ab-30562283,Sienna's Harbour House,Apartment,Entire home/apt,12/24/18,2018-12-24,5-23-19,2019-05-23,49.15147,-125.89867,30562283,25197636
ab-22832706,South Chesterman 30,Condominium,Entire home/apt,2/5/18,2018-02-05,4-10-18,2018-04-10,49.11106136,-125.8812833,22832706,9107401
ab-23631357,"Osprey Beach House: Chesterman beach home, hot tub",House,Entire home/apt,3/10/18,2018-03-10,5-22-19,2019-05-22,49.11814,-125.89303,23631357,168575821
ab-23633223,Chesterman Beach Garden Cottage,Cabin,Entire home/apt,3/7/18,2018-03-07,5-20-19,2019-05-20,49.11121,-125.88807,23633223,167820348
ab-24454786,Chesterman Beach Break,House,Entire home/apt,5/22/18,2018-05-22,5-23-19,2019-05-23,49.1131,-125.88618,24454786,184705044
ab-25298515,Rockfish Guest House,House,Entire home/apt,6/29/18,2018-06-29,5-24-19,2019-05-24,49.14039,-125.89192,25298515,7043743
ab-29626439,Tofino Beachfront House,House,Entire home/apt,11/20/18,2018-11-20,5-24-19,2019-05-24,49.11564,-125.89121,29626439,215448667
ab-24518891,Eagle View House: stunning oceanview & hot tub,House,Entire home/apt,8/29/18,2018-08-29,5-24-19,2019-05-24,49.14783,-125.90288,24518891,168575821
ab-34224617,Burnside House,House,Entire home/apt,5/6/19,2019-05-06,5-21-19,2019-05-21,49.12046,-125.89379,34224617,7434361
ab-22927559,Groundswell Suite at Chesterman Beach,Apartment,Entire home/apt,2/12/18,2018-02-12,2-16-19,2019-02-16,49.1144623,-125.8859187,22927559,169778192
ab-22929775,Waterfront Cabin Tofino,Cabin,Private room,2/9/18,2018-02-09,5-21-19,2019-05-21,49.11371,-125.87736,22929775,104254248
ab-25373547,"Fred Tibbs #17 Seashell: ocean view, in town",Condominium,Entire home/apt,6/8/18,2018-06-08,5-24-19,2019-05-24,49.15289,-125.90921,25373547,168575821
ab-23714047,Yew Wood HideAway Suite,Guest suite,Entire home/apt,6/29/18,2018-06-29,5-23-19,2019-05-23,49.14,-125.89259,23714047,177585413
ab-22958532,Water Front Condo 25 Downtown Tofino,Condominium,Entire home/apt,2/6/18,2018-02-06,5-23-19,2019-05-23,49.15452,-125.90896,22958532,8813504
ab-24539965,"Sunset Corner Fred Tibbs 10: ocean view, in town",Condominium,Entire home/apt,4/21/18,2018-04-21,5-23-19,2019-05-23,49.15207,-125.90109,24539965,168575821
ab-24540951,Wits End: cozy cabin with water views!,Cabin,Entire home/apt,6/29/18,2018-06-29,5-23-19,2019-05-23,49.12072,-125.88815,24540951,168575821
ab-22986580,Chesterman Hideaway,House,Entire home/apt,2/1/18,2018-02-01,5-23-19,2019-05-23,49.11647,-125.89125,22986580,170461938
ab-22998163,The Shore Retreat,Condominium,Entire home/apt,2/13/18,2018-02-13,5-23-19,2019-05-23,49.1537,-125.90584,22998163,23901763
ab-22998955,Coastal View: waterfront with hot tub,House,Entire home/apt,2/5/18,2018-02-05,5-20-19,2019-05-20,49.11353,-125.87186,22998955,168575821
ab-24556206,Pacific Retreat: stunning ocean view with hot tub,House,Entire home/apt,8/4/18,2018-08-04,5-23-19,2019-05-23,49.1477,-125.91456,24556206,168575821
ab-24558750,Tigh-na Clayoquot Vacation House,House,Entire home/apt,4/23/18,2018-04-23,5-24-19,2019-05-24,49.13863,-125.89038,24558750,157055595
ab-27876180,Tofino Townhome,Townhouse,Entire home/apt,8/22/18,2018-08-22,5-23-19,2019-05-23,49.1283,-125.89389,27876180,156134462
ab-24572471,Tigh-na Clayoquot Vacation House Summer,House,Entire home/apt,4/23/18,2018-04-23,5-24-19,2019-05-24,49.13681,-125.89001,24572471,157055595
ab-27878817,Float On Tofino (harbour view & walk to town),House,Entire home/apt,8/25/18,2018-08-25,5-22-19,2019-05-22,49.14809,-125.89794,27878817,23899170
ab-24583861,Lookout house,House,Entire home/apt,6/29/18,2018-06-29,5-24-19,2019-05-24,49.14941,-125.89745,24583861,116318024
ab-26283412,"End of the Road Guesthouse //
Room #1",House,Private room,9/3/18,2018-09-03,5-23-19,2019-05-23,49.15312,-125.91005,26283412,86783805
ab-23783735,The Cabin at The Point at Chesterman,Guesthouse,Entire home/apt,3/17/18,2018-03-17,5-24-19,2019-05-24,49.11623,-125.89168,23783735,178445912
ab-23018439,Chesterman Hideaway - Turret Suite,Guesthouse,Private room,2/1/18,2018-02-01,5-24-19,2019-05-24,49.1147,-125.89144,23018439,170461938
ab-23020672,Chesterman Hideaway - Chesterman Suite,Guest suite,Private room,2/1/18,2018-02-01,5-22-19,2019-05-22,49.11481,-125.89162,23020672,170461938
ab-23021255,Chesterman Hideaway - Rainforest Suite,Guesthouse,Private room,2/1/18,2018-02-01,5-24-19,2019-05-24,49.11615,-125.89093,23021255,170461938
ab-26303448,Hummingbird Suite,Guest suite,Entire home/apt,6/29/18,2018-06-29,5-23-19,2019-05-23,49.14677,-125.89744,26303448,182484710
ab-34341082,Tofino Swags,Tent,Entire home/apt,5/13/19,2019-05-13,5-21-19,2019-05-21,49.07932,-125.78515,34341082,146510362
ab-23790717,Eriskay House: minutes from Chesterman beach,House,Entire home/apt,3/17/18,2018-03-17,5-23-19,2019-05-23,49.11749,-125.89105,23790717,168575821
ab-34344598,Tofino Swags - Couple,Tent,Entire home/apt,5/13/19,2019-05-13,5-21-19,2019-05-21,49.07965,-125.78627,34344598,146510362
ab-27952007,Cedar Sands,House,Entire home/apt,8/25/18,2018-08-25,5-24-19,2019-05-24,49.1078,-125.86869,27952007,203297639
ab-23844242,Sienna’s Tree House #1,Apartment,Entire home/apt,3/19/18,2018-03-19,5-22-19,2019-05-22,49.12123,-125.88846,23844242,25197636
ab-23858866,Abalone Inn,House,Entire home/apt,3/19/18,2018-03-19,5-24-19,2019-05-24,49.11574,-125.88271,23858866,176546828
ab-26385010,Tree Frog Suite,Townhouse,Entire home/apt,6/29/18,2018-06-29,5-20-19,2019-05-20,49.11605,-125.88253,26385010,198402136
ab-23091199,Introductory Room Promotion at Jarmos B&B,Private room in house,Private room,2/6/18,2018-02-06,3-8-18,2018-03-08,49.15357537,-125.9103348,23091199,47660498
ab-29901731,2 Bed Cabin,Cabin,Entire home/apt,11/20/18,2018-11-20,3-18-19,2019-03-18,49.13178,-125.90223,29901731,223194482
ab-29902055,Private & Cozy 1 Bedroom Cabin - Mackenzie Beach!,House,Entire home/apt,12/11/18,2018-12-11,4-8-19,2019-04-08,49.13153,-125.90266,29902055,223194482
ab-32172058,Beachfront Chesterman on the Point,House,Entire home/apt,2/25/19,2019-02-25,5-23-19,2019-05-23,49.11444,-125.88981,32172058,7011754
ab-27224590,"Massive 6 bedroom, 2 kitchen, 2 livingroom home!",House,Entire home/apt,7/29/18,2018-07-29,9-6-18,2018-09-06,49.14955645,-125.897193,27224590,140100614
ab-30969005,WILDPOD Luxury Glamping: ROCK Dome,Dome house,Entire home/apt,2/1/19,2019-02-01,5-24-19,2019-05-24,49.15298,-125.91103,30969005,231394445
ab-23947545,Jensen's Bay Retreat: waterfront home with hot tub,House,Entire home/apt,3/24/18,2018-03-24,5-23-19,2019-05-23,49.11352,-125.87498,23947545,168575821
ab-23948563,RV in the Heart of Tofino!,Camper/RV,Entire home/apt,3/24/18,2018-03-24,3-24-18,2018-03-24,49.13743381,-125.8904361,23948563,140100614
ab-23103582,Private Rental of whole B&B house in Tofino,Entire house,Entire home/apt,2/6/18,2018-02-06,3-8-18,2018-03-08,49.15300869,-125.9107116,23103582,47660498
ab-32226258,New! Bright & cozy 1 BR walk to village/with view!,Guest suite,Entire home/apt,2/25/19,2019-02-25,5-24-19,2019-05-24,49.15038,-125.89882,32226258,4781083
ab-23965171,High Tide Hideaway,Guest suite,Entire home/apt,4/21/18,2018-04-21,5-23-19,2019-05-23,49.15197,-125.90608,23965171,8141646
ab-23122955,"Golds Cottage: ocean views, close to town",Cabin,Entire home/apt,2/6/18,2018-02-06,5-23-19,2019-05-23,49.15343,-125.90766,23122955,168575821
ab-24801017,Waters Edge: ocean views with hot tub,House,Entire home/apt,5/14/18,2018-05-14,5-24-19,2019-05-24,49.14699,-125.91381,24801017,168575821
ab-23131801,Fernwood by the Sea: minutes away from the beach,House,Entire home/apt,2/6/18,2018-02-06,5-24-19,2019-05-24,49.11798,-125.89138,23131801,168575821
ab-23138888,end of the road guest house,House,Private room,2/19/18,2018-02-19,4-9-18,2018-04-09,49.14697286,-125.9071834,23138888,127902016
ab-23141518,Tofino Water Front Condo 14 Downtown,Condominium,Entire home/apt,2/9/18,2018-02-09,5-21-19,2019-05-21,49.15381,-125.90939,23141518,8813504
ab-23148514,Langness Lighthouse Tofino,Condominium,Entire home/apt,2/9/18,2018-02-09,5-20-19,2019-05-20,49.11362647,-125.8816642,23148514,172050142
ab-23150100,Stellers Jay Retreat: 3 min walk to the beach,House,Entire home/apt,2/9/18,2018-02-09,5-25-19,2019-05-25,49.12299,-125.89173,23150100,168575821
ab-31076302,Snowy Owl Suite (Unit 1 - Sunshine Lodge),Guest suite,Entire home/apt,2/14/19,2019-02-14,5-20-19,2019-05-20,49.15262,-125.90294,31076302,38985071
ab-23159992,Salal Forest 2 bedroom house,House,Entire home/apt,2/9/18,2018-02-09,5-23-19,2019-05-23,49.13272,-125.89344,23159992,172153067
ab-32357599,Amazing Views Downtown Tofino Oceanfront King Room,Room in boutique hotel,Private room,3/11/19,2019-03-11,5-21-19,2019-05-21,49.151,-125.91089,32357599,242950010
ab-32383659,Large Two Bedroom Suite Downtown Tofino,Guest suite,Entire home/apt,2/26/19,2019-02-26,5-24-19,2019-05-24,49.14982,-125.90541,32383659,8813504
ab-31118803,Lone Cone Lounge (Unit 2 - Sunshine Lodge),Guest suite,Entire home/apt,2/14/19,2019-02-14,5-20-19,2019-05-20,49.15227,-125.90226,31118803,38985071
ab-23189092,Surfers Studio at Chesterman Beach,Apartment,Entire home/apt,2/12/18,2018-02-12,2-19-19,2019-02-19,49.11390952,-125.8867396,23189092,169778192
ab-31127951,Good Night Den (Unit 3 - Sunshine Lodge),Guest suite,Entire home/apt,2/14/19,2019-02-14,5-20-19,2019-05-20,49.15139,-125.90448,31127951,38985071
ab-33457142,Home Away,Townhouse,Entire home/apt,4/8/19,2019-04-08,5-20-19,2019-05-20,49.14952,-125.89767,33457142,156134462
ab-25770878,Tofino Bolers,Camper/rv,Private room,6/8/18,2018-06-08,5-23-19,2019-05-23,49.08126,-125.78612,25770878,146510362
ab-27363106,Crosby Suite,Guest suite,Entire home/apt,8/2/18,2018-08-02,5-21-19,2019-05-21,49.11294,-125.87502,27363106,7434361
ab-24117767,Sea Rogue Guest House * Private hot tub*,House,Entire home/apt,4/2/18,2018-04-02,5-21-19,2019-05-21,49.13229,-125.89284,24117767,167436235
ab-24875909,Arnet House,Guest suite,Entire home/apt,5/15/18,2018-05-15,5-25-19,2019-05-25,49.15528,-125.90652,24875909,45391627
ab-32440448,Adult/Couples Oriented - Whale Room,Room in boutique hotel,Private room,2/26/19,2019-02-26,5-24-19,2019-05-24,49.15204,-125.90978,32440448,240222142
ab-31212109,Sea Change - Tofino Home with a View,House,Entire home/apt,1/16/19,2019-01-16,5-23-19,2019-05-23,49.13986,-125.89334,31212109,24500655
ab-31215802,WILDPOD Luxury Glamping: WAVE Dome,Dome house,Entire home/apt,1/28/19,2019-01-28,5-23-19,2019-05-23,49.15262,-125.91283,31215802,231394445
ab-31215901,WILDPOD Luxury Glamping: SAND Dome,Dome house,Entire home/apt,1/28/19,2019-01-28,5-23-19,2019-05-23,49.15246,-125.91269,31215901,231394445
ab-31215968,WILDPOD Luxury Glamping: WOOD Dome,Dome house,Entire home/apt,1/28/19,2019-01-28,5-23-19,2019-05-23,49.15296,-125.91267,31215968,231394445
ab-31216033,WILDPOD Luxury Glamping: NEST Dome,Dome house,Entire home/apt,1/28/19,2019-01-28,5-23-19,2019-05-23,49.15361,-125.91257,31216033,231394445
ab-31216082,WILDPOD Luxury Glamping: LEAF Dome,Dome house,Entire home/apt,1/27/19,2019-01-27,5-22-19,2019-05-22,49.15386,-125.91233,31216082,231394445
ab-28112739,"Tofino Carriage House, a Rustic West Coast Escape",Guest suite,Entire home/apt,9/3/18,2018-09-03,5-21-19,2019-05-21,49.11304,-125.8742,28112739,91575119
ab-32469575,Surf Hideaway,Apartment,Entire home/apt,3/18/19,2019-03-18,5-21-19,2019-05-21,49.13151,-125.89012,32469575,62461037
ab-26541309,Family Room,Bed and breakfast,Private room,7/4/18,2018-07-04,7-4-18,2018-07-04,49.15337837,-125.9048189,26541309,9487541
ab-32544441,Nalu House - Groundswell suite,Guest suite,Entire home/apt,3/11/19,2019-03-11,5-21-19,2019-05-21,49.11283,-125.88684,32544441,45304359
ab-32589710,Nalu House - Surfer's studio,Guest suite,Entire home/apt,3/11/19,2019-03-11,5-21-19,2019-05-21,49.11258,-125.88585,32589710,45304359
ab-31342104,End of the road guest house,House,Private room,1/16/19,2019-01-16,5-24-19,2019-05-24,49.14697,-125.90853,31342104,127902016
ab-29162939,Private Beach Townhouse Driftwood Dream by OnlyBC,House,Entire home/apt,10/10/18,2018-10-10,3-8-19,2019-03-08,49.11351897,-125.8823124,29162939,122383171
ab-32672092,Chesterman Beach 3br Condo With Luxury Finishes - South Shore,Townhouse,Entire home/apt,3/11/19,2019-03-11,5-20-19,2019-05-20,49.1526,-125.90832,32672092,122383171
ab-32692256,Casual Luxury Yurt,Yurt,Private room,3/11/19,2019-03-11,5-21-19,2019-05-21,49.1524,-125.91198,32692256,240222142
ab-31468275,"End of the Road Guesthouse //
Room #2",Bed and breakfast,Private room,2/4/19,2019-02-04,5-23-19,2019-05-23,49.15163,-125.91065,31468275,86783805
ha-746370vb,Wolf's Den Jensen's Bay 700 metres from Chestermen's Beach!   ,House,Entire home/apt,,#VALUE!,8-30-18,2018-08-30,49.11232977,-125.8787897,,
ha-172717vb,Tofino Beach House - Beachfront with Hot Tub,House,Entire home/apt,,#VALUE!,11-7-18,2018-11-07,49.15096434,-125.9034852,,
ha-172744vb,Views!! Tofino Oceanfront Condo - Costa Azul at Eik Landing   ,Condo,Entire home/apt,,#VALUE!,1-24-18,2018-01-24,49.15207,-125.90315,,
ha-216841vb,Architecturally Designed Inlet Waterfront Home- Tofino   ,House,Entire home/apt,,#VALUE!,1-22-18,2018-01-22,49.15207,-125.90315,,
ha-222674vb,Paradise by the Sea - La Vie En Rose in Eik Landing   ,Condo,Entire home/apt,,#VALUE!,1-11-18,2018-01-11,49.15189669,-125.9092603,,
ha-24257vb,Tofino Waves Vacation Home on Chesterman Beach / MONTHLY RENTAL   ,Townhome,Entire home/apt,,#VALUE!,4-25-18,2018-04-25,49.11358335,-125.8806066,,
ha-262844vb,Tofino -  5 Star Executive Rental,Condo,Entire home/apt,,#VALUE!,5-21-19,2019-05-21,49.15369797,-125.9054489,,
ha-266141vb,Surfers Studio steps from Chesterman Beach,House,Entire home/apt,,#VALUE!,11-27-18,2018-11-27,49.1132485,-125.8846667,,
ha-267569vb,2 Bedroom Groundswell Suite steps from Chesterman Beach,House,Entire home/apt,,#VALUE!,12-11-18,2018-12-11,49.11316681,-125.8847656,,
ha-275328,Cozy Creative Heron House,Cottage,Entire home/apt,,#VALUE!,5-15-19,2019-05-15,49.1337911,-125.8923997,,
ha-275502vb,"Double Jacuzzi Suite - Tofino, ~BC~ (Long Beach)",Condo,Entire home/apt,,#VALUE!,5-21-19,2019-05-21,49.153317,-125.9019566,,
ha-276120vb,"Gorgeous Oceanfront Rancher with Stunning views, Sauna, Hot tub and Pool table!",House,Entire home/apt,,#VALUE!,5-22-19,2019-05-22,49.13895864,-125.8896659,,
ha-287964vb,Beachfront Home on Chesterman Beach   ,House,Entire home/apt,,#VALUE!,2-27-18,2018-02-27,49.1114647,-125.882127,,
ha-287979vb,Oceanfront  Stunning View! 5 bedroom home   ,Chalet,Entire home/apt,,#VALUE!,6-8-17,2017-06-08,49.11259058,-125.8763767,,
ha-294837vb,"Tofino Inlet Cottage Waterfront, Spectacular Views   ",House,Entire home/apt,,#VALUE!,4-17-18,2018-04-17,49.1465855,-125.8932287,,
ha-295688vb,A Portal into Nature,Condo,Entire home/apt,,#VALUE!,5-16-19,2019-05-16,49.15393938,-125.9053735,,
ha-304474vb,Tofino Waterfront Studio   ,Studio,Entire home/apt,,#VALUE!,6-23-17,2017-06-23,49.15331268,-125.9098129,,
ha-4409822,Middle Beach Lodge - Near Chesterman Beach,Hotel,Entire home/apt,,#VALUE!,5-23-19,2019-05-23,49.13387,-125.9093,,
ha-319141vb,Tofino Beach Oasis on World Famous Chesterman Beach!,House,Entire home/apt,,#VALUE!,5-21-19,2019-05-21,49.11242294,-125.8842621,,
ha-328046vb,"Pacifica - A Custom Timberframe Home, Minutes to Chesterman Beach",House,Entire home/apt,,#VALUE!,5-21-19,2019-05-21,49.12337494,-125.8937912,,
ha-340331vb,"Pacific Retreat, 3 BR 3 BA Vacation Home   ",Lodge,Entire home/apt,,#VALUE!,1-25-18,2018-01-25,49.14769363,-125.9149933,,
ha-346255vb,"One of the largest ocean view properties, 3 NIGHT MINIMUM *Note prices in U.S.   ",House,Entire home/apt,,#VALUE!,9-4-17,2017-09-04,49.14852524,-125.8943405,,
ha-747188vb,"The Bird's Nest, Spacious Home With Private Yard Located In The Heart Of Tofino!   ",House,Entire home/apt,,#VALUE!,7-31-17,2017-07-31,49.15161261,-125.9072262,,
ha-350159vb,Tofino - Luxury Executive Rental - Waterfront Walkout   ,Condo,Entire home/apt,,#VALUE!,3-15-18,2018-03-15,49.15374957,-125.9057529,,
ha-489546vb,Chesterman Beach Paradise is a short walk from our sunny deck. Read our reviews!,Cottage,Entire home/apt,,#VALUE!,5-21-19,2019-05-21,49.1203686,-125.8882378,,
ha-1001314vb,Tofino Harbour House   ,Apartment,Entire home/apt,,#VALUE!,6-23-17,2017-06-23,49.15715466,-125.9044733,,
ha-1006630vb,Bright And Spacious Private One Bedroom; One Bathroom Apartment In Tofino   ,Apartment,Entire home/apt,,#VALUE!,9-13-18,2018-09-13,49.1313256,-125.8916749,,
ha-3711695,"Tofino Water Front Home  Hot Tub, Beach, Private Float",House,Entire home/apt,,#VALUE!,5-12-19,2019-05-12,49.14814568,-125.8900345,,
ha-375133,Spectacular Oceanfront Luxury Loft Style Condo   ,Condo,Entire home/apt,,#VALUE!,9-23-17,2017-09-23,49.1537608,-125.905758,,
ha-447699vb,Monthly Rental The Shore 405 Tofino,Condo,Entire home/apt,,#VALUE!,12-4-18,2018-12-04,49.1537326,-125.9056492,,
ha-507940vb,BayView House - 1 acre forested lot with amazing view of Jensen's Bay,House,Entire home/apt,,#VALUE!,5-15-19,2019-05-15,49.11387477,-125.8738759,,
ha-388589vb,Across from surf! Private! Couples Retreat!   ,House,Entire home/apt,,#VALUE!,10-1-17,2017-10-01,49.11416672,-125.880303,,
ha-513031vb,Rustic 3 Bedroom Home.,Apartment,Entire home/apt,,#VALUE!,10-30-18,2018-10-30,49.1332303,-125.8930907,,
ha-554122vb, Beachfront Tofino- For Families!,House,Entire home/apt,,#VALUE!,5-23-19,2019-05-23,49.14515449,-125.9144717,,
ha-554184vb,Tofino Oceanfront Studio - Vista Hermosa,Condo,Entire home/apt,,#VALUE!,5-15-19,2019-05-15,49.1533132,-125.9098098,,
ha-555800vb,"Tucked In The Rainforest, Across The Road From Tofino's Best Surf! Soaker Tub! ",House,Entire home/apt,,#VALUE!,5-24-19,2019-05-24,49.1104786,-125.8776718,,
ha-394245vb,"Dream Cottage - Luxurious, Private, Hot Tub - Chesterman Beach",House,Entire home/apt,,#VALUE!,5-24-19,2019-05-24,49.12049484,-125.8909073,,
ha-588961vb,Tofino Oceanfront House - Vista Hermosa,House,Entire home/apt,,#VALUE!,5-22-19,2019-05-22,49.1533959,-125.9095477,,
ha-603091vb,Tofino-Brand New Executive Oceanfront Loft Rental   ,Condo,Entire home/apt,,#VALUE!,6-26-18,2018-06-26,49.1537573,-125.9057385,,
ha-1067285vb,Beautiful 2 Acre Waterfront Property On Jensen's Bay,House,Entire home/apt,,#VALUE!,5-14-19,2019-05-14,49.1153635,-125.8824654,,
ha-608489vb,A quiet half acre moments from the beach   ,House,Entire home/apt,,#VALUE!,7-12-17,2017-07-12,49.11599283,-125.8826161,,
ha-615181vb,3BR Luxury Family Townhouse on Tofino's Chesterman Beach,Townhome,Entire home/apt,,#VALUE!,5-24-19,2019-05-24,49.11543593,-125.8867454,,
ha-617795vb,Accommodation at Chesterman Beach   ,Apartment,Entire home/apt,,#VALUE!,6-8-17,2017-06-08,49.12092784,-125.8932465,,
ha-626571vb,"Chesterman Beachfront House, spectacular views on the beach  ",House,Entire home/apt,,#VALUE!,5-13-19,2019-05-13,49.11640161,-125.8943662,,
ha-455590vb,Harborfront Loft Condo,Condo,Entire home/apt,,#VALUE!,5-24-19,2019-05-24,49.1532463,-125.910022,,
ha-455739vb,"Deluxe Beachfront 2 Bedroom Suite, Sleeps 2-4",Apartment,Entire home/apt,,#VALUE!,5-9-19,2019-05-09,49.1134397,-125.8877973,,
ha-3980182,"The Inn At Tough City - Tofino, British Columbia   ",House,Entire home/apt,,#VALUE!,6-8-17,2017-06-08,49.15383911,-125.9063263,,
ha-641924vb,Port-O-Call on Tofino's Harbourfront - Views!   ,Condo,Entire home/apt,,#VALUE!,3-6-18,2018-03-06,49.15153704,-125.8984845,,
ha-641927vb,Oystercatcher At South Chesterman Beachhomes    ,Townhome,Entire home/apt,,#VALUE!,10-23-17,2017-10-23,49.11288135,-125.8825413,,
ha-644199vb,Sou'Wester On Chesterman Beach   ,Townhome,Entire home/apt,,#VALUE!,10-31-17,2017-10-31,49.1130499,-125.8825413,,
ha-665385vb, CoastalView House - Luxury Vacation Home on Jensen's Bay Waterfront   ,House,Entire home/apt,,#VALUE!,1-3-18,2018-01-03,49.11412759,-125.873554,,
ha-666624vb,Private Suites - Close To Town and Beaches,Apartment,Entire home/apt,,#VALUE!,1-9-19,2019-01-09,49.13111113,-125.8930798,,
ha-666727vb,Chesterman Beach !!!,Townhome,Entire home/apt,,#VALUE!,10-24-18,2018-10-24,49.11198243,-125.8826271,,
ha-678623vb,Just A Short Stroll To Chestermans Beach   ,Cabin,Entire home/apt,,#VALUE!,7-21-17,2017-07-21,49.11424012,-125.8824151,,
ha-685780vb,~TOFINO~ ~CHESTERMAN~ ~BEACH~ BEACHFRONT~ ~CUSTOM~ ~DESIGNED~ ~HOMES~,House,Entire home/apt,,#VALUE!,5-13-19,2019-05-13,49.1125951,-125.8833346,,
ha-3982826,"Haidaway Cottage - Tofino, British Columbia   ",Cottage,Entire home/apt,,#VALUE!,6-8-17,2017-06-08,49.11333847,-125.8902435,,
ha-3982827,"The Ship Wreck Studio Cottage - Tofino, British Columbia   ",Cottage,Entire home/apt,,#VALUE!,6-8-17,2017-06-08,49.11332703,-125.8902435,,
ha-691916vb,Tofino~ Chesterman~ Beach~  Architecturally~ Designed~ House  Chahayis~ Sleeps 6,House,Entire home/apt,,#VALUE!,5-21-19,2019-05-21,49.11192625,-125.8827129,,
ha-4591678,Long Beach Lodge Resort,Resort,Entire home/apt,,#VALUE!,5-6-19,2019-05-06,49.10476,-125.8721,,
ha-7690855,Cozy Heritage House Right in Down Town Tofino,Bed And Breakfast,Entire home/apt,,#VALUE!,5-24-19,2019-05-24,49.1535385,-125.905453,,
ha-1093593vb,Waterfront Tofino Condo,Apartment,Entire home/apt,,#VALUE!,5-11-19,2019-05-11,49.1532462,-125.9099797,,
ha-1096090vb,"Sit and relax in the sun in your yard, or walk 2 minutes to Chesterman  beach",Condo,Entire home/apt,,#VALUE!,5-20-19,2019-05-20,49.1132489,-125.8842474,,
ha-696410vb,Across From Cox Bay!,House,Entire home/apt,,#VALUE!,10-24-18,2018-10-24,49.10713652,-125.8680602,,
ha-4593720,Cox Bay Beach Resort,Resort,Entire home/apt,,#VALUE!,5-13-19,2019-05-13,49.10532,-125.8709,,
ha-4593964,Tofino Resort + Marina,Hotel,Entire home/apt,,#VALUE!,12-6-18,2018-12-06,49.14975,-125.8956,,
ha-7704537,"Feel right at home with ""Home Away at Gateway""",Townhome,Entire home/apt,,#VALUE!,5-24-19,2019-05-24,49.14838922,-125.8966553,,
ha-702809vb,The Jingle Shell- Steps from Chesterman Beach. Ideal For Couples!!!   ,Townhome,Entire home/apt,,#VALUE!,6-9-17,2017-06-09,49.11184203,-125.8805719,,
ha-706829vb,A Unique Retro Home near Tonquin Beach   ,House,Entire home/apt,,#VALUE!,8-26-18,2018-08-26,49.14844436,-125.9104701,,
ha-708259vb,Tofino Luxury Beachfront on 2 private acres,House,Entire home/apt,,#VALUE!,5-13-19,2019-05-13,49.1434179,-125.9140751,,
ha-459570vb,"Our Cottage, your west coast getaway",House,Entire home/apt,,#VALUE!,1-5-19,2019-01-05,49.14763542,-125.9096085,,
ha-774453vb,Family Friendly home with a view of clayoquot sound walking distance to town   ,House,Entire home/apt,,#VALUE!,10-17-17,2017-10-17,49.1476584,-125.8966736,,
ha-1117619vb,Cozy West Coast Cedar Cabin,Cabin,Entire home/apt,,#VALUE!,10-22-18,2018-10-22,49.121141,-125.8890784,,
ha-1118365vb,2 Br Hilltop House With A View! Ideal For Families Or Couples   ,House,Entire home/apt,,#VALUE!,6-30-18,2018-06-30,49.15070536,-125.8938594,,
ha-777888vb,1 Bedroom Private Cabin By Southchesterman's Beach In Beautiful Tofino BC   ,Cabin,Entire home/apt,,#VALUE!,11-1-17,2017-11-01,49.1133912,-125.8861769,,
ha-779650vb,Beautiful + Spacious Inlet Getaway - Close to Chesterman's Beach,House,Entire home/apt,,#VALUE!,11-19-18,2018-11-19,49.11385701,-125.8735806,,
ha-1122799vb,Beautiful House Close To The Beach   ,House,Entire home/apt,,#VALUE!,12-21-17,2017-12-21,49.1160975,-125.8826075,,
ha-1129725vb,The Homestead Tofino (South Side)   ,House,Entire home/apt,,#VALUE!,7-23-17,2017-07-23,49.15170533,-125.9066166,,
ha-1132241vb,"Beautiful Brand New 3 Bedroom, 2.5 Bathroom House With Mountain Views   ",House,Entire home/apt,,#VALUE!,7-15-18,2018-07-15,49.14753807,-125.9035988,,
ha-1134705vb,The Homestead Tofino (North Side)   ,Townhome,Entire home/apt,,#VALUE!,7-23-17,2017-07-23,49.15263212,-125.9050387,,
ha-7157293,Cozy Harbourfront Studio in Tofino,House,Entire home/apt,,#VALUE!,10-11-18,2018-10-11,49.15550219,-125.9128236,,
ha-715833vb,Newly Renovated and Close To Town   ,Apartment,Entire home/apt,,#VALUE!,5-13-18,2018-05-13,49.15204577,-125.9014449,,
ha-715840vb,New Romantic Loft Cabin!,Cabin,Entire home/apt,,#VALUE!,5-9-19,2019-05-09,49.13032031,-125.8921248,,
ha-791763vb,Rustic Cabin With Loft Bed And Futon Below    ,Cabin,Entire home/apt,,#VALUE!,6-9-17,2017-06-09,49.14403534,-125.8910962,,
ha-1150813vb,5 minute walk to the Beach,Apartment,Entire home/apt,,#VALUE!,5-14-19,2019-05-14,49.12088108,-125.8908631,,
ha-797721vb,"Luxurious Oceanfront Custom Home, Fully Licensed & Beautiful Views of Meares Is!",House,Entire home/apt,,#VALUE!,5-18-19,2019-05-18,49.13894106,-125.8881133,,
ha-399318vb,"Alder~~View House-Tofino, Hot Tub, Quiet Tranqill Setting   ",House,Entire home/apt,,#VALUE!,11-29-17,2017-11-29,49.13692474,-125.8906632,,
ha-798199vb,"A Westcoast Gem, Luxurious Cottage-House, Ocean View, 2km To Tofino and Beach",Cottage,Entire home/apt,,#VALUE!,11-22-18,2018-11-22,49.13905337,-125.8881991,,
ha-717862vb,Waterfront 2BR Condo,Condo,Entire home/apt,,#VALUE!,5-8-19,2019-05-08,49.15170375,-125.8993214,,
ha-813489vb,The Harbour Hideaway - Beautifully appointed waterfront loft with stunning views   ,Apartment,Entire home/apt,,#VALUE!,1-10-18,2018-01-10,49.1533134,-125.90981,,
ha-1163441vb,Chesterman Beach Townhome - Mizmo 18   ,Townhome,Entire home/apt,,#VALUE!,2-21-18,2018-02-21,49.1121895,-125.8802739,,
ha-1163468vb,Tofino Beach Townhouse - Discovery #19   ,Townhome,Entire home/apt,,#VALUE!,2-13-18,2018-02-13,49.11229243,-125.8759207,,
ha-1163484vb,Tofino Beach Townhouse on Chesterman Beach!    ,Townhome,Entire home/apt,,#VALUE!,2-14-18,2018-02-14,49.11351607,-125.8804678,,
ha-721758vb,Tofino-Brand New Ocean Front Executive Harbour Suite   ,Condo,Entire home/apt,,#VALUE!,10-30-17,2017-10-30,49.1537601,-125.9057583,,
ha-1175379vb,"Downtown Cypre Suite - Newly Renovated, Spacious 3 Bedroom Unit",Townhome,Entire home/apt,,#VALUE!,5-13-19,2019-05-13,49.1519314,-125.9018225,,
ha-7221166,Fred Tibbs Ocean Front Condos,Condo,Entire home/apt,,#VALUE!,12-6-18,2018-12-06,49.15323,-125.9101,,
ha-724570vb,Tofino Hideaway West Coast Retreat,Cottage,Entire home/apt,,#VALUE!,5-13-19,2019-05-13,49.12938794,-125.891547,,
ha-837348vb,"Water Front 2 Bedroom, 2 Story Apartment W/ Huge Patio In The Heart Of Tofino   ",Apartment,Entire home/apt,,#VALUE!,8-15-18,2018-08-15,49.15154235,-125.8985972,,
ha-7272080,Mackenzie Beach Resort,Cabin,Entire home/apt,,#VALUE!,12-6-18,2018-12-06,49.1324,-125.9016,,
ha-7273695,Eik Landing Ocean Front Condos,Condo,Entire home/apt,,#VALUE!,12-6-18,2018-12-06,49.15165,-125.8996,,
ha-1194301vb,"J-Bay Guesthouse,  custom built new home only minutes from Chesterman Beach",House,Entire home/apt,,#VALUE!,5-23-19,2019-05-23,49.1136537,-125.8742225,,
ha-401643vb,Shorewind Place - Tofino    ,House,Entire home/apt,,#VALUE!,4-28-18,2018-04-28,49.14853287,-125.8931046,,
ha-4017302,Salal Berry & Forest Den Cottages   ,Cottage,Entire home/apt,,#VALUE!,6-8-17,2017-06-08,49.11686325,-125.89151,,
ha-4017303,Solwood's Ocean Path   ,House,Entire home/apt,,#VALUE!,6-8-17,2017-06-08,49.11686325,-125.89151,,
ha-729379vb,Oceanfront Panoramic Views #20170131,House,Entire home/apt,,#VALUE!,12-21-18,2018-12-21,49.1064951,-125.8725244,,
ha-845009vb,"Large Beautiful 2 Br, 2 Bath Custom House by South Chesterman's Beach   ",House,Entire home/apt,,#VALUE!,7-24-18,2018-07-24,49.11356473,-125.8850959,,
ha-845765vb,Spring's Studio By Chesterman's Beach With Full Kitchen & Private Patio   ,Studio,Entire home/apt,,#VALUE!,7-27-17,2017-07-27,49.11361593,-125.8860911,,
ha-846323vb,"Private 1 Bdrm Cedar A Frame Cabin with King Bed, Lots of Skylights & Hot Tub   ",Cabin,Entire home/apt,,#VALUE!,9-5-18,2018-09-05,49.15072838,-125.9038492,,
ha-465027vb,"Tidal~~View House, Luxury 3 BR vacation home, 5 minute walk to Chesterman Beach   ",House,Entire home/apt,,#VALUE!,7-20-17,2017-07-20,49.1151447,-125.8801341,,
ha-847635vb,Spacious home in Tofino's best surf and sand neighbourhood,House,Entire home/apt,,#VALUE!,5-21-19,2019-05-21,49.10926454,-125.8731343,,
ha-732095vb,"2 Bedroom suite, in town, perfect for families and couples.",House,Entire home/apt,,#VALUE!,3-29-19,2019-03-29,49.147754,-125.896029,,
ha-848416vb,Water Front Condo #4 Downtown Tofino With Beautiful Views   ,Condo,Entire home/apt,,#VALUE!,7-26-17,2017-07-26,49.1533134,-125.90981,,
ha-849460vb,Water Front Condo #20 Downtown Tofino with Beautiful Views   ,Condo,Entire home/apt,,#VALUE!,7-12-17,2017-07-12,49.1533134,-125.90981,,
ha-733637vb,"The Dunes House at Chesterman Beach, a 2 minute walk to the beach!",House,Entire home/apt,,#VALUE!,5-19-19,2019-05-19,49.12239557,-125.892968,,
ha-1209805vb,"SurfSide Beach House, Tofino BC   ",House,Entire home/apt,,#VALUE!,1-4-18,2018-01-04,49.12637202,-125.892985,,
ha-849910vb,Water Front Condo #18 Downtown Tofino With Beautiful Views   ,Condo,Entire home/apt,,#VALUE!,7-12-17,2017-07-12,49.1533134,-125.90981,,
ha-850054vb,Water Front Condo 22 Downtown Tofino with Beautiful Views   ,Condo,Entire home/apt,,#VALUE!,7-12-17,2017-07-12,49.1533134,-125.90981,,
ha-850852vb,Just steps from the sand!,House,Entire home/apt,,#VALUE!,5-13-19,2019-05-13,49.12334053,-125.8937826,,
ha-465627vb,Heron's Perch - Romantic Cottage on Chesterman Beach!,Cottage,Entire home/apt,,#VALUE!,5-21-19,2019-05-21,49.1184613,-125.8920917,,
ha-852569vb,"Alaqua On The Beach Is Beach Front, Pet Friendly With A Hot Tub",House,Entire home/apt,,#VALUE!,5-16-19,2019-05-16,49.11505401,-125.8910189,,
ha-852570vb,The Brick House on Lynn Rd. is just a 5 minunte walk to Chesterman Beach.   ,House,Entire home/apt,,#VALUE!,4-5-18,2018-04-05,49.11390735,-125.8897397,,
ha-852571vb,Burnside cottage is pet friendly and a 5 minute walk to Chesterman Beach   ,Cabin,Entire home/apt,,#VALUE!,6-9-17,2017-06-09,49.12189055,-125.8937954,,
ha-852572vb,"Casa Del Nino Is Pet Friendly, With A Hot Tub, And Close To Town.   ",Cabin,Entire home/apt,,#VALUE!,6-9-17,2017-06-09,49.13366734,-125.8928845,,
ha-852574vb,"Meare's View is a pet friendly, oceanview  condo,within walking distance to town   ",Condo,Entire home/apt,,#VALUE!,6-9-17,2017-06-09,49.1533134,-125.9101533,,
ha-852575vb,This family friendly beachfront condo has direct access to chesterman beach   ,Townhome,Entire home/apt,,#VALUE!,6-9-17,2017-06-09,49.11251617,-125.8825842,,
ha-852576vb,A Well Appointed Town Home With Direct Beach Access To Chesterman Beach   ,Townhome,Entire home/apt,,#VALUE!,6-9-17,2017-06-09,49.11310608,-125.8816401,,
ha-852577vb,This Family Friendly Town House Has Direct Access To Chesterman Beach   ,Townhome,Entire home/apt,,#VALUE!,6-9-17,2017-06-09,49.1116173,-125.8811298,,
ha-852578vb,South Chesterman #27 - Kisameet - Is A Luxurious One Bedroom Adult-Oriented Cond   ,Townhome,Entire home/apt,,#VALUE!,6-9-17,2017-06-09,49.11178585,-125.8809152,,
ha-852579vb,"Multi-level Town Home With Views Of Chesterman Beach, And Direct Beach Access   ",Townhome,Entire home/apt,,#VALUE!,6-9-17,2017-06-09,49.11201058,-125.881516,,
ha-852580vb,Beach facing town house with direct beach access to Chesterman Beach.   ,Townhome,Entire home/apt,,#VALUE!,6-9-17,2017-06-09,49.11178585,-125.8812585,,
ha-852581vb,"Beach Front, on Chesterman Beach, hot tub, pet friendly.   ",House,Entire home/apt,,#VALUE!,6-9-17,2017-06-09,49.12342341,-125.8961083,,
ha-852584vb,Relax on the deck in your private hot tub overlooking Jensen’s Bay.    ,House,Entire home/apt,,#VALUE!,6-9-17,2017-06-09,49.11199247,-125.8772874,,
ha-852585vb,"Maxwell Fir suite is pet friendly , and a 5 min. walk to Chesterman Beach   ",House,Entire home/apt,,#VALUE!,12-31-17,2017-12-31,49.12181981,-125.8918522,,
ha-852658vb,"A Rustic Pet Friendly, Beach Front Cabin With A Hot Tub   ",Cabin,Entire home/apt,,#VALUE!,6-9-17,2017-06-09,49.11331878,-125.8851229,,
ha-853744vb,Water Front Condo 15 Downtown Tofino with Beautiful Views   ,Condo,Entire home/apt,,#VALUE!,7-12-17,2017-07-12,49.1533134,-125.90981,,
ha-739091vb,Private Suite - 3 minute walk to Chesterman Beach   ,Cottage,Entire home/apt,,#VALUE!,7-15-18,2018-07-15,49.12240259,-125.8921848,,
ha-7397299,Private one bedroom king suite with kitchenette,Guest House,Entire home/apt,,#VALUE!,11-4-18,2018-11-04,49.11637125,-125.8792089,,
ha-1226642vb,Newly Renovated 3 Bedroom Home,House,Entire home/apt,,#VALUE!,5-24-19,2019-05-24,49.14883317,-125.9103204,,
ha-854941vb,Storm Watch Suite #1 Ocean Front. Cliff Edge. Hot Tub. Cedar Sauna. Fire Pit.,House,Entire home/apt,,#VALUE!,5-19-19,2019-05-19,49.14910657,-125.912453,,
ha-742699vb,Unique Penthouse Amazing Views!   ,Apartment,Entire home/apt,,#VALUE!,6-9-17,2017-06-09,49.15420939,-125.9062732,,
ha-1237493vb,West Coast Contemporary with Harbour and Mountain Views,House,Entire home/apt,,#VALUE!,5-14-19,2019-05-14,49.1488038,-125.8981808,,
ha-865573vb,Beautiful Luxurious Third-floor Loft Condo With Stunning Water View & Fireplace   ,Condo,Entire home/apt,,#VALUE!,6-9-17,2017-06-09,49.154045,-125.9053929,,
ha-470987vb,Water Front Condo 26 Downtown Tofino with Beautiful Views   ,Condo,Entire home/apt,,#VALUE!,9-19-17,2017-09-19,49.1532463,-125.910022,,
ha-1242931vb,Fred Tibbs #10   Cozy Studio Overlooking Meares Island,Condo,Entire home/apt,,#VALUE!,5-13-19,2019-05-13,49.15470213,-125.9088067,,
ha-471232vb,Luxury townhome with direct private beach access,Townhome,Entire home/apt,,#VALUE!,4-18-19,2019-04-18,49.11142066,-125.8798101,,
ha-1245972vb,Seas the Day at Tofino !,Cabin,Entire home/apt,,#VALUE!,5-17-19,2019-05-17,49.11935137,-125.8957937,,
ha-1250812vb,Close to North Chestermans Eriskay Home ,House,Entire home/apt,,#VALUE!,5-20-19,2019-05-20,49.12253307,-125.8964295,,
ha-872598vb,Chesterman Beach Fine Art Vacation House - Walking distance to North Chesterman,House,Entire home/apt,,#VALUE!,5-9-19,2019-05-09,49.12212174,-125.8920936,,
ha-472671vb,Waterfront luxury condo    ,Condo,Entire home/apt,,#VALUE!,6-8-17,2017-06-08,49.1537437,-125.9056454,,
ha-473007vb,Hemlock Hideaway Cottage - just a short stroll to South Chesterman Beach   ,Cottage,Entire home/apt,,#VALUE!,4-25-18,2018-04-25,49.11483571,-125.8800697,,
ha-1253766vb,Blue Heron Guest House - Architecturally Designed Waterfront Home ,House,Entire home/apt,,#VALUE!,5-20-19,2019-05-20,49.11407,-125.8803767,,
ha-1255200vb,Cozy condo on South Chesterman   ,Condo,Entire home/apt,,#VALUE!,1-23-18,2018-01-23,49.11301306,-125.8785715,,
ha-877605vb,Contemporary West Coast Home With Panoramic Harbour And Mountain Views. ,House,Entire home/apt,,#VALUE!,5-20-19,2019-05-20,49.14738724,-125.8960841,,
ha-879465vb,Across from Cox Bay!!!,Cabin,Entire home/apt,,#VALUE!,5-21-19,2019-05-21,49.10709448,-125.8681672,,
ha-1260314vb,Tofino Luxury 2BR Waterfront Condo -- Walk Score 99 -- by OnlyBC,Condo,Entire home/apt,,#VALUE!,5-24-19,2019-05-24,49.14670787,-125.8986262,,
ha-880969vb,"Family & pet friendly at Tofino Botanical Gardens, inlet views, walk to beach!   ",House,Entire home/apt,,#VALUE!,6-16-17,2017-06-16,49.13340221,-125.8917714,,
ha-1269801vb,"# 28 South Chesterman , Comfortable Condo with amazing views ",Condo,Entire home/apt,,#VALUE!,5-12-19,2019-05-12,49.10878457,-125.8800491,,
ha-1279381vb,"Cozy, Private Cabin short walk to Mackenzie Beach",Cottage,Entire home/apt,,#VALUE!,11-13-18,2018-11-13,49.13530107,-125.8946835,,
ha-1293216vb,Coastal Cool - HABITAT House with Hot Tub Ucluelet / Tofino,House,Entire home/apt,,#VALUE!,4-16-19,2019-04-16,48.96927065,-125.590623,,
ha-901990vb," Snow Birds Quiet, Private Luxury Condo On The Waterfront. Amazing Sunsets!",Condo,Entire home/apt,,#VALUE!,5-23-19,2019-05-23,49.15394789,-125.9057663,,
ha-911075vb,West Coast cabin located steps away from beautiful Chesterman Beach   ,Cabin,Entire home/apt,,#VALUE!,7-18-17,2017-07-18,49.1220658,-125.8938292,,
ha-1311365vb,Centrally located with Harbour View and large deck ,House,Entire home/apt,,#VALUE!,5-22-19,2019-05-22,49.15268796,-125.9080729,,
ha-4788605,3 Bedroom Villa Rental - Sleeps 6 - Tofino - 1228253   ,House,Entire home/apt,,#VALUE!,12-17-17,2017-12-17,49.152431,-125.908981,,
ha-922716vb,Home on Tofino Inlet   ,House,Entire home/apt,,#VALUE!,7-31-17,2017-07-31,49.14800181,-125.8960183,,
ha-923820vb,Contact Manager for availability,Condo,Entire home/apt,,#VALUE!,5-18-19,2019-05-18,49.15069028,-125.9087307,,
ha-923846vb,Contact Manager for Availability,Condo,Entire home/apt,,#VALUE!,5-18-19,2019-05-18,49.15115811,-125.9063769,,
ha-924157vb,"Cox Bay Retreat Is A Newly Built 3 Bedroom , 2BA",House,Entire home/apt,,#VALUE!,5-10-19,2019-05-10,49.1078403,-125.8692645,,
ha-4807106,Sienna's Tree House (Tall Trees And Salty Breeze)   ,House,Entire home/apt,,#VALUE!,1-21-18,2018-01-21,49.1218277,-125.8889864,,
ha-481194vb,"Stay for a month: a waterfront retreat in which to relax, discover, adventure!   ",Condo,Entire home/apt,,#VALUE!,6-23-17,2017-06-23,49.15403376,-125.9056349,,
ha-954892vb,Dunes Cabin at Chesterman Beach -Private 2BR House & Hot Tub,House,Entire home/apt,,#VALUE!,5-14-19,2019-05-14,49.1220445,-125.8920239,,
ha-1365565vb,HomeBase Tofino - large house in central part of town!,House,Entire home/apt,,#VALUE!,12-5-18,2018-12-05,49.15050253,-125.9085645,,
ha-417578vb,Zoe's at North Beach - Beach location 3 bedroom home!,House,Entire home/apt,,#VALUE!,5-16-19,2019-05-16,49.1225454,-125.8944387,,
ha-482875vb,Ocean Front - Water View - Child Friendly ,Townhome,Entire home/apt,,#VALUE!,5-21-19,2019-05-21,49.15145985,-125.8981411,,
ha-419062vb,The Anchorage- The Perfect Waterfront Suite!!! ,Condo,Entire home/apt,,#VALUE!,5-15-19,2019-05-15,49.15187036,-125.8981304,,
ha-969292vb,1 bedroom condo on Chesterman Beach/monthly rental   ,Condo,Entire home/apt,,#VALUE!,4-10-18,2018-04-10,49.1116173,-125.8801427,,
ha-995821vb, Storm Watch Suites #2. Ocean Front. Cliff Edge. Hot Tub. Cedar Sauna. Fire Pit.,House,Entire home/apt,,#VALUE!,5-15-19,2019-05-15,49.14909956,-125.9126783,,
ha-995934vb,Storm Watch Suites #3. Ocean Front. Cliff Edge. Hot Tub. Cedar Sauna. Fire Pit. ,House,Entire home/apt,,#VALUE!,5-15-19,2019-05-15,49.14913464,-125.9126783,,
ha-1420482vb,"Tofino BC 3 Bedroom, 2.5 Bathroom luxury townhome monthly rental",Townhome,Entire home/apt,,#VALUE!,5-17-19,2019-05-17,49.13103788,-125.8981499,,
ha-1423339vb,"Welcome to Cedar Sands, your home away from home!",House,Entire home/apt,,#VALUE!,5-16-19,2019-05-16,49.1088933,-125.8627585,,
ha-1498063vb,--> Magnificent 3Bed 3Bath Tofino Beach House DIRECTLY on Chesterman Beach ! < -,House,Entire home/apt,,#VALUE!,5-14-19,2019-05-14,49.12096797,-125.8886374,,
ha-155279vb,3BR Luxury Beachfront Condo on Tofino's Chesterman Beach,Condo,Entire home/apt,,#VALUE!,5-21-19,2019-05-21,49.11233902,-125.8813019,,
ha-1591904vb,The Innlet House: stunning water views,House,Entire home/apt,,#VALUE!,5-24-19,2019-05-24,49.14256656,-125.8860069,,
